id,work_order_number,reported_date_time,job_type
1,WO-00001,2030-12-11 07:00:00,JOB_TYPE_A
2,WO-00002,2026-05-08 13:00:00,JOB_TYPE_C
3,WO-00003,2028-03-21 06:00:00,JOB_TYPE_A
4,WO-00004,2027-10-31 18:00:00,JOB_TYPE_A
5,WO-00005,2031-09-02 07:00:00,JOB_TYPE_A
6,WO-00006,2031-03-23 02:00:00,JOB_TYPE_C
7,WO-00007,2030-03-29 11:00:00,JOB_TYPE_A
8,WO-00008,2030-07-30 16:00:00,JOB_TYPE_B
9,WO-00009,2026-05-27 00:00:00,JOB_TYPE_A
10,WO-00010,2026-11-12 02:00:00,JOB_TYPE_A
11,WO-00011,2027-11-26 13:00:00,JOB_TYPE_C
12,WO-00012,2030-08-31 03:00:00,JOB_TYPE_A
13,WO-00013,2030-05-11 19:00:00,JOB_TYPE_A
14,WO-00014,2031-07-08 11:00:00,JOB_TYPE_C
15,WO-00015,2031-05-29 08:00:00,JOB_TYPE_C
16,WO-00016,2029-04-19 19:00:00,JOB_TYPE_A
17,WO-00017,2029-07-09 21:00:00,JOB_TYPE_C
18,WO-00018,2028-03-29 21:00:00,JOB_TYPE_A
19,WO-00019,2031-11-02 07:00:00,JOB_TYPE_A
20,WO-00020,2031-05-20 15:00:00,JOB_TYPE_B
21,WO-00021,2028-09-15 08:00:00,JOB_TYPE_B
22,WO-00022,2027-04-29 19:00:00,JOB_TYPE_A
23,WO-00023,2031-11-15 02:00:00,JOB_TYPE_B
24,WO-00024,2026-12-05 08:00:00,JOB_TYPE_A
25,WO-00025,2029-01-01 16:00:00,JOB_TYPE_A
26,WO-00026,2028-11-05 12:00:00,JOB_TYPE_B
27,WO-00027,2030-09-04 19:00:00,JOB_TYPE_B
28,WO-00028,2032-03-13 05:00:00,JOB_TYPE_A
29,WO-00029,2031-08-14 21:00:00,JOB_TYPE_B
30,WO-00030,2030-03-04 12:00:00,JOB_TYPE_A
31,WO-00031,2028-12-28 21:00:00,JOB_TYPE_A
32,WO-00032,2030-04-16 16:00:00,JOB_TYPE_B
33,WO-00033,2032-05-13 01:00:00,JOB_TYPE_C
34,WO-00034,2030-10-15 05:00:00,JOB_TYPE_B
35,WO-00035,2030-06-24 19:00:00,JOB_TYPE_A
36,WO-00036,2031-06-07 04:00:00,JOB_TYPE_A
37,WO-00037,2026-07-04 09:00:00,JOB_TYPE_C
38,WO-00038,2027-11-13 13:00:00,JOB_TYPE_B
39,WO-00039,2026-10-05 03:00:00,JOB_TYPE_A
40,WO-00040,2032-08-22 07:00:00,JOB_TYPE_A
41,WO-00041,2029-01-02 05:00:00,JOB_TYPE_B
42,WO-00042,2029-07-21 08:00:00,JOB_TYPE_C
43,WO-00043,2032-05-25 22:00:00,JOB_TYPE_B
44,WO-00044,2027-05-19 09:00:00,JOB_TYPE_B
45,WO-00045,2028-10-26 09:00:00,JOB_TYPE_A
46,WO-00046,2031-03-05 06:00:00,JOB_TYPE_B
47,WO-00047,2031-05-30 16:00:00,JOB_TYPE_C
48,WO-00048,2031-01-03 19:00:00,JOB_TYPE_A
49,WO-00049,2030-09-19 14:00:00,JOB_TYPE_C
50,WO-00050,2027-06-11 13:00:00,JOB_TYPE_C
51,WO-00051,2031-08-13 06:00:00,JOB_TYPE_A
52,WO-00052,2027-05-21 10:00:00,JOB_TYPE_B
53,WO-00053,2028-12-31 09:00:00,JOB_TYPE_B
54,WO-00054,2030-12-12 21:00:00,JOB_TYPE_C
55,WO-00055,2030-04-30 02:00:00,JOB_TYPE_A
56,WO-00056,2031-04-13 16:00:00,JOB_TYPE_B
57,WO-00057,2032-06-18 19:00:00,JOB_TYPE_A
58,WO-00058,2027-11-16 16:00:00,JOB_TYPE_A
59,WO-00059,2032-03-07 13:00:00,JOB_TYPE_B
60,WO-00060,2029-02-28 16:00:00,JOB_TYPE_B
61,WO-00061,2026-08-28 23:00:00,JOB_TYPE_A
62,WO-00062,2030-05-28 00:00:00,JOB_TYPE_C
63,WO-00063,2028-07-07 12:00:00,JOB_TYPE_A
64,WO-00064,2031-01-24 00:00:00,JOB_TYPE_B
65,WO-00065,2029-02-13 14:00:00,JOB_TYPE_C
66,WO-00066,2029-08-05 05:00:00,JOB_TYPE_A
67,WO-00067,2028-02-22 13:00:00,JOB_TYPE_A
68,WO-00068,2028-01-03 16:00:00,JOB_TYPE_C
69,WO-00069,2030-05-12 03:00:00,JOB_TYPE_C
70,WO-00070,2028-02-16 17:00:00,JOB_TYPE_C
71,WO-00071,2030-07-14 13:00:00,JOB_TYPE_B
72,WO-00072,2030-07-11 16:00:00,JOB_TYPE_B
73,WO-00073,2028-11-13 17:00:00,JOB_TYPE_A
74,WO-00074,2027-03-13 23:00:00,JOB_TYPE_C
75,WO-00075,2029-11-07 21:00:00,JOB_TYPE_A
76,WO-00076,2031-10-25 00:00:00,JOB_TYPE_A
77,WO-00077,2032-08-07 15:00:00,JOB_TYPE_A
78,WO-00078,2027-04-22 14:00:00,JOB_TYPE_C
79,WO-00079,2027-05-12 02:00:00,JOB_TYPE_C
80,WO-00080,2029-04-27 00:00:00,JOB_TYPE_C
81,WO-00081,2026-08-21 17:00:00,JOB_TYPE_B
82,WO-00082,2029-01-06 07:00:00,JOB_TYPE_C
83,WO-00083,2029-08-30 08:00:00,JOB_TYPE_C
84,WO-00084,2028-01-16 18:00:00,JOB_TYPE_C
85,WO-00085,2032-08-06 18:00:00,JOB_TYPE_A
86,WO-00086,2031-04-01 21:00:00,JOB_TYPE_C
87,WO-00087,2027-01-08 01:00:00,JOB_TYPE_C
88,WO-00088,2030-03-06 12:00:00,JOB_TYPE_B
89,WO-00089,2031-11-29 00:00:00,JOB_TYPE_C
90,WO-00090,2028-09-15 03:00:00,JOB_TYPE_A
91,WO-00091,2028-05-10 16:00:00,JOB_TYPE_B
92,WO-00092,2027-05-07 03:00:00,JOB_TYPE_B
93,WO-00093,2026-03-10 02:00:00,JOB_TYPE_C
94,WO-00094,2032-09-16 21:00:00,JOB_TYPE_C
95,WO-00095,2028-02-18 11:00:00,JOB_TYPE_C
96,WO-00096,2031-11-10 21:00:00,JOB_TYPE_A
97,WO-00097,2029-12-16 13:00:00,JOB_TYPE_A
98,WO-00098,2032-09-02 08:00:00,JOB_TYPE_C
99,WO-00099,2028-05-24 04:00:00,JOB_TYPE_C
100,WO-00100,2029-12-16 12:00:00,JOB_TYPE_C
101,WO-00101,2027-08-26 09:00:00,JOB_TYPE_A
102,WO-00102,2028-12-16 06:00:00,JOB_TYPE_A
103,WO-00103,2030-03-13 02:00:00,JOB_TYPE_C
104,WO-00104,2026-03-02 19:00:00,JOB_TYPE_C
105,WO-00105,2028-08-02 09:00:00,JOB_TYPE_B
106,WO-00106,2026-04-23 10:00:00,JOB_TYPE_A
107,WO-00107,2028-11-16 10:00:00,JOB_TYPE_B
108,WO-00108,2027-12-15 02:00:00,JOB_TYPE_A
109,WO-00109,2027-12-18 23:00:00,JOB_TYPE_C
110,WO-00110,2026-10-02 07:00:00,JOB_TYPE_A
111,WO-00111,2031-08-20 20:00:00,JOB_TYPE_B
112,WO-00112,2032-04-06 12:00:00,JOB_TYPE_A
113,WO-00113,2031-11-07 04:00:00,JOB_TYPE_C
114,WO-00114,2031-11-21 11:00:00,JOB_TYPE_A
115,WO-00115,2027-02-14 20:00:00,JOB_TYPE_C
116,WO-00116,2029-09-19 02:00:00,JOB_TYPE_C
117,WO-00117,2027-05-26 03:00:00,JOB_TYPE_B
118,WO-00118,2030-02-09 03:00:00,JOB_TYPE_C
119,WO-00119,2029-04-29 16:00:00,JOB_TYPE_A
120,WO-00120,2030-03-12 21:00:00,JOB_TYPE_C
121,WO-00121,2031-04-28 01:00:00,JOB_TYPE_A
122,WO-00122,2031-06-30 01:00:00,JOB_TYPE_B
123,WO-00123,2029-02-22 18:00:00,JOB_TYPE_C
124,WO-00124,2031-01-08 20:00:00,JOB_TYPE_B
125,WO-00125,2029-06-09 13:00:00,JOB_TYPE_C
126,WO-00126,2029-07-16 02:00:00,JOB_TYPE_A
127,WO-00127,2028-01-07 04:00:00,JOB_TYPE_A
128,WO-00128,2026-08-23 02:00:00,JOB_TYPE_B
129,WO-00129,2026-04-27 16:00:00,JOB_TYPE_C
130,WO-00130,2030-04-21 19:00:00,JOB_TYPE_A
131,WO-00131,2030-07-25 02:00:00,JOB_TYPE_A
132,WO-00132,2026-03-20 21:00:00,JOB_TYPE_A
133,WO-00133,2031-06-16 03:00:00,JOB_TYPE_C
134,WO-00134,2026-08-09 00:00:00,JOB_TYPE_A
135,WO-00135,2026-09-01 07:00:00,JOB_TYPE_A
136,WO-00136,2032-08-03 15:00:00,JOB_TYPE_B
137,WO-00137,2026-09-10 17:00:00,JOB_TYPE_C
138,WO-00138,2027-12-11 03:00:00,JOB_TYPE_B
139,WO-00139,2031-03-02 00:00:00,JOB_TYPE_B
140,WO-00140,2027-10-07 06:00:00,JOB_TYPE_C
141,WO-00141,2027-02-25 13:00:00,JOB_TYPE_C
142,WO-00142,2030-06-07 13:00:00,JOB_TYPE_C
143,WO-00143,2029-09-11 22:00:00,JOB_TYPE_A
144,WO-00144,2032-01-11 18:00:00,JOB_TYPE_B
145,WO-00145,2032-03-14 06:00:00,JOB_TYPE_B
146,WO-00146,2027-08-03 04:00:00,JOB_TYPE_A
147,WO-00147,2026-11-20 22:00:00,JOB_TYPE_C
148,WO-00148,2029-05-21 07:00:00,JOB_TYPE_B
149,WO-00149,2029-04-30 21:00:00,JOB_TYPE_B
150,WO-00150,2029-08-27 12:00:00,JOB_TYPE_C
151,WO-00151,2026-07-27 04:00:00,JOB_TYPE_C
152,WO-00152,2031-01-18 14:00:00,JOB_TYPE_C
153,WO-00153,2026-11-24 23:00:00,JOB_TYPE_A
154,WO-00154,2029-03-04 16:00:00,JOB_TYPE_C
155,WO-00155,2028-09-12 18:00:00,JOB_TYPE_A
156,WO-00156,2028-01-09 05:00:00,JOB_TYPE_A
157,WO-00157,2027-08-02 15:00:00,JOB_TYPE_C
158,WO-00158,2029-07-08 06:00:00,JOB_TYPE_A
159,WO-00159,2029-04-26 06:00:00,JOB_TYPE_A
160,WO-00160,2028-03-30 20:00:00,JOB_TYPE_B
161,WO-00161,2028-01-12 09:00:00,JOB_TYPE_A
162,WO-00162,2029-06-23 07:00:00,JOB_TYPE_C
163,WO-00163,2026-11-23 14:00:00,JOB_TYPE_A
164,WO-00164,2031-01-15 00:00:00,JOB_TYPE_C
165,WO-00165,2032-05-31 03:00:00,JOB_TYPE_A
166,WO-00166,2026-11-10 22:00:00,JOB_TYPE_A
167,WO-00167,2027-05-29 09:00:00,JOB_TYPE_B
168,WO-00168,2029-10-17 08:00:00,JOB_TYPE_B
169,WO-00169,2027-10-05 22:00:00,JOB_TYPE_B
170,WO-00170,2026-08-08 08:00:00,JOB_TYPE_A
171,WO-00171,2028-12-30 02:00:00,JOB_TYPE_A
172,WO-00172,2029-01-30 08:00:00,JOB_TYPE_B
173,WO-00173,2032-01-10 06:00:00,JOB_TYPE_B
174,WO-00174,2028-04-18 04:00:00,JOB_TYPE_B
175,WO-00175,2031-05-16 09:00:00,JOB_TYPE_C
176,WO-00176,2032-01-08 08:00:00,JOB_TYPE_C
177,WO-00177,2031-02-10 14:00:00,JOB_TYPE_C
178,WO-00178,2029-10-20 04:00:00,JOB_TYPE_A
179,WO-00179,2027-08-01 19:00:00,JOB_TYPE_B
180,WO-00180,2027-10-16 17:00:00,JOB_TYPE_A
181,WO-00181,2030-06-29 19:00:00,JOB_TYPE_C
182,WO-00182,2030-03-20 19:00:00,JOB_TYPE_A
183,WO-00183,2031-10-03 17:00:00,JOB_TYPE_B
184,WO-00184,2026-08-04 08:00:00,JOB_TYPE_A
185,WO-00185,2030-07-13 10:00:00,JOB_TYPE_B
186,WO-00186,2029-12-03 08:00:00,JOB_TYPE_C
187,WO-00187,2027-05-05 03:00:00,JOB_TYPE_A
188,WO-00188,2029-12-16 23:00:00,JOB_TYPE_A
189,WO-00189,2032-07-11 23:00:00,JOB_TYPE_A
190,WO-00190,2026-09-04 08:00:00,JOB_TYPE_C
191,WO-00191,2026-09-02 19:00:00,JOB_TYPE_C
192,WO-00192,2032-08-09 14:00:00,JOB_TYPE_A
193,WO-00193,2029-03-07 19:00:00,JOB_TYPE_A
194,WO-00194,2030-06-03 20:00:00,JOB_TYPE_A
195,WO-00195,2030-06-29 02:00:00,JOB_TYPE_C
196,WO-00196,2026-06-17 18:00:00,JOB_TYPE_C
197,WO-00197,2026-10-11 02:00:00,JOB_TYPE_B
198,WO-00198,2031-01-29 07:00:00,JOB_TYPE_C
199,WO-00199,2030-05-22 16:00:00,JOB_TYPE_C
200,WO-00200,2028-07-12 03:00:00,JOB_TYPE_B
201,WO-00201,2027-09-10 00:00:00,JOB_TYPE_C
202,WO-00202,2031-07-08 22:00:00,JOB_TYPE_B
203,WO-00203,2027-12-13 00:00:00,JOB_TYPE_B
204,WO-00204,2029-02-14 00:00:00,JOB_TYPE_A
205,WO-00205,2031-03-09 09:00:00,JOB_TYPE_C
206,WO-00206,2028-05-28 10:00:00,JOB_TYPE_B
207,WO-00207,2028-07-11 14:00:00,JOB_TYPE_A
208,WO-00208,2026-03-26 16:00:00,JOB_TYPE_B
209,WO-00209,2030-10-22 10:00:00,JOB_TYPE_C
210,WO-00210,2026-11-29 06:00:00,JOB_TYPE_A
211,WO-00211,2030-03-08 08:00:00,JOB_TYPE_A
212,WO-00212,2029-12-11 15:00:00,JOB_TYPE_B
213,WO-00213,2027-02-25 22:00:00,JOB_TYPE_B
214,WO-00214,2026-09-05 02:00:00,JOB_TYPE_A
215,WO-00215,2028-12-04 07:00:00,JOB_TYPE_B
216,WO-00216,2027-05-06 00:00:00,JOB_TYPE_B
217,WO-00217,2032-05-24 22:00:00,JOB_TYPE_C
218,WO-00218,2031-06-04 09:00:00,JOB_TYPE_B
219,WO-00219,2030-09-26 12:00:00,JOB_TYPE_C
220,WO-00220,2030-02-12 14:00:00,JOB_TYPE_A
221,WO-00221,2031-02-26 23:00:00,JOB_TYPE_C
222,WO-00222,2028-05-26 18:00:00,JOB_TYPE_C
223,WO-00223,2026-12-09 02:00:00,JOB_TYPE_A
224,WO-00224,2028-02-21 10:00:00,JOB_TYPE_A
225,WO-00225,2026-12-18 12:00:00,JOB_TYPE_C
226,WO-00226,2030-04-19 22:00:00,JOB_TYPE_A
227,WO-00227,2028-03-13 22:00:00,JOB_TYPE_B
228,WO-00228,2030-09-07 20:00:00,JOB_TYPE_A
229,WO-00229,2031-07-12 19:00:00,JOB_TYPE_B
230,WO-00230,2027-09-08 04:00:00,JOB_TYPE_C
231,WO-00231,2030-11-27 03:00:00,JOB_TYPE_B
232,WO-00232,2029-12-10 08:00:00,JOB_TYPE_B
233,WO-00233,2028-01-15 23:00:00,JOB_TYPE_A
234,WO-00234,2026-11-08 06:00:00,JOB_TYPE_C
235,WO-00235,2029-04-30 21:00:00,JOB_TYPE_B
236,WO-00236,2026-06-29 15:00:00,JOB_TYPE_A
237,WO-00237,2028-08-28 01:00:00,JOB_TYPE_A
238,WO-00238,2030-12-04 23:00:00,JOB_TYPE_B
239,WO-00239,2027-05-16 11:00:00,JOB_TYPE_C
240,WO-00240,2029-06-19 18:00:00,JOB_TYPE_C
241,WO-00241,2031-06-10 04:00:00,JOB_TYPE_B
242,WO-00242,2030-05-10 21:00:00,JOB_TYPE_A
243,WO-00243,2026-12-31 17:00:00,JOB_TYPE_A
244,WO-00244,2031-05-01 04:00:00,JOB_TYPE_A
245,WO-00245,2030-03-30 01:00:00,JOB_TYPE_A
246,WO-00246,2032-05-27 06:00:00,JOB_TYPE_B
247,WO-00247,2030-07-08 21:00:00,JOB_TYPE_C
248,WO-00248,2027-04-09 15:00:00,JOB_TYPE_B
249,WO-00249,2027-02-12 06:00:00,JOB_TYPE_A
250,WO-00250,2028-06-20 00:00:00,JOB_TYPE_B
251,WO-00251,2032-02-12 04:00:00,JOB_TYPE_A
252,WO-00252,2028-11-02 07:00:00,JOB_TYPE_A
253,WO-00253,2031-04-06 17:00:00,JOB_TYPE_A
254,WO-00254,2031-02-24 10:00:00,JOB_TYPE_A
255,WO-00255,2028-10-22 00:00:00,JOB_TYPE_C
256,WO-00256,2032-09-13 19:00:00,JOB_TYPE_B
257,WO-00257,2030-10-21 01:00:00,JOB_TYPE_C
258,WO-00258,2027-04-27 06:00:00,JOB_TYPE_A
259,WO-00259,2032-08-17 04:00:00,JOB_TYPE_A
260,WO-00260,2032-02-22 11:00:00,JOB_TYPE_A
261,WO-00261,2029-03-31 02:00:00,JOB_TYPE_A
262,WO-00262,2027-07-04 00:00:00,JOB_TYPE_C
263,WO-00263,2028-08-24 08:00:00,JOB_TYPE_B
264,WO-00264,2032-02-28 21:00:00,JOB_TYPE_C
265,WO-00265,2032-08-15 17:00:00,JOB_TYPE_C
266,WO-00266,2032-03-23 03:00:00,JOB_TYPE_A
267,WO-00267,2028-02-27 19:00:00,JOB_TYPE_A
268,WO-00268,2032-01-19 07:00:00,JOB_TYPE_C
269,WO-00269,2026-12-21 10:00:00,JOB_TYPE_B
270,WO-00270,2032-09-06 20:00:00,JOB_TYPE_A
271,WO-00271,2032-07-31 18:00:00,JOB_TYPE_B
272,WO-00272,2027-10-29 15:00:00,JOB_TYPE_A
273,WO-00273,2032-04-08 01:00:00,JOB_TYPE_B
274,WO-00274,2028-10-11 01:00:00,JOB_TYPE_B
275,WO-00275,2032-04-18 20:00:00,JOB_TYPE_A
276,WO-00276,2027-10-30 23:00:00,JOB_TYPE_A
277,WO-00277,2031-02-05 13:00:00,JOB_TYPE_A
278,WO-00278,2029-02-21 07:00:00,JOB_TYPE_B
279,WO-00279,2028-03-31 00:00:00,JOB_TYPE_A
280,WO-00280,2031-12-11 22:00:00,JOB_TYPE_B
281,WO-00281,2028-10-15 02:00:00,JOB_TYPE_C
282,WO-00282,2029-12-21 06:00:00,JOB_TYPE_B
283,WO-00283,2031-03-30 18:00:00,JOB_TYPE_C
284,WO-00284,2028-08-21 12:00:00,JOB_TYPE_A
285,WO-00285,2027-01-10 05:00:00,JOB_TYPE_B
286,WO-00286,2027-07-01 20:00:00,JOB_TYPE_C
287,WO-00287,2028-02-24 03:00:00,JOB_TYPE_A
288,WO-00288,2026-12-22 06:00:00,JOB_TYPE_C
289,WO-00289,2029-05-30 21:00:00,JOB_TYPE_B
290,WO-00290,2031-08-11 15:00:00,JOB_TYPE_B
291,WO-00291,2029-06-04 21:00:00,JOB_TYPE_C
292,WO-00292,2029-12-26 18:00:00,JOB_TYPE_A
293,WO-00293,2029-01-16 02:00:00,JOB_TYPE_C
294,WO-00294,2027-08-02 07:00:00,JOB_TYPE_B
295,WO-00295,2026-06-30 10:00:00,JOB_TYPE_C
296,WO-00296,2029-06-03 23:00:00,JOB_TYPE_A
297,WO-00297,2030-01-18 23:00:00,JOB_TYPE_C
298,WO-00298,2031-04-19 19:00:00,JOB_TYPE_C
299,WO-00299,2031-09-17 06:00:00,JOB_TYPE_C
300,WO-00300,2031-03-06 12:00:00,JOB_TYPE_A
301,WO-00301,2028-11-19 19:00:00,JOB_TYPE_B
302,WO-00302,2026-09-08 07:00:00,JOB_TYPE_C
303,WO-00303,2028-08-18 21:00:00,JOB_TYPE_C
304,WO-00304,2028-07-05 10:00:00,JOB_TYPE_C
305,WO-00305,2032-07-02 21:00:00,JOB_TYPE_A
306,WO-00306,2031-07-18 15:00:00,JOB_TYPE_B
307,WO-00307,2029-12-15 00:00:00,JOB_TYPE_B
308,WO-00308,2031-02-24 07:00:00,JOB_TYPE_B
309,WO-00309,2028-08-07 22:00:00,JOB_TYPE_B
310,WO-00310,2031-05-18 02:00:00,JOB_TYPE_B
311,WO-00311,2030-04-23 03:00:00,JOB_TYPE_A
312,WO-00312,2027-08-07 02:00:00,JOB_TYPE_B
313,WO-00313,2031-02-18 22:00:00,JOB_TYPE_B
314,WO-00314,2031-03-24 18:00:00,JOB_TYPE_C
315,WO-00315,2027-06-19 11:00:00,JOB_TYPE_C
316,WO-00316,2030-06-02 06:00:00,JOB_TYPE_B
317,WO-00317,2029-03-14 02:00:00,JOB_TYPE_C
318,WO-00318,2032-05-24 21:00:00,JOB_TYPE_A
319,WO-00319,2028-06-08 00:00:00,JOB_TYPE_B
320,WO-00320,2027-09-26 04:00:00,JOB_TYPE_B
321,WO-00321,2032-01-14 21:00:00,JOB_TYPE_C
322,WO-00322,2030-09-12 20:00:00,JOB_TYPE_C
323,WO-00323,2028-07-28 04:00:00,JOB_TYPE_B
324,WO-00324,2029-06-19 14:00:00,JOB_TYPE_B
325,WO-00325,2031-03-20 03:00:00,JOB_TYPE_A
326,WO-00326,2029-12-26 02:00:00,JOB_TYPE_B
327,WO-00327,2032-02-05 16:00:00,JOB_TYPE_C
328,WO-00328,2027-06-07 14:00:00,JOB_TYPE_C
329,WO-00329,2026-10-18 19:00:00,JOB_TYPE_B
330,WO-00330,2030-01-06 18:00:00,JOB_TYPE_C
331,WO-00331,2030-11-23 14:00:00,JOB_TYPE_C
332,WO-00332,2028-09-01 12:00:00,JOB_TYPE_A
333,WO-00333,2032-04-13 02:00:00,JOB_TYPE_A
334,WO-00334,2031-03-12 10:00:00,JOB_TYPE_B
335,WO-00335,2027-11-04 16:00:00,JOB_TYPE_A
336,WO-00336,2027-04-07 14:00:00,JOB_TYPE_A
337,WO-00337,2026-07-05 10:00:00,JOB_TYPE_A
338,WO-00338,2029-09-18 16:00:00,JOB_TYPE_C
339,WO-00339,2032-07-07 14:00:00,JOB_TYPE_A
340,WO-00340,2029-07-26 20:00:00,JOB_TYPE_B
341,WO-00341,2030-11-14 22:00:00,JOB_TYPE_C
342,WO-00342,2027-08-14 04:00:00,JOB_TYPE_C
343,WO-00343,2031-05-15 18:00:00,JOB_TYPE_B
344,WO-00344,2029-11-10 05:00:00,JOB_TYPE_B
345,WO-00345,2027-12-27 11:00:00,JOB_TYPE_A
346,WO-00346,2031-01-25 17:00:00,JOB_TYPE_C
347,WO-00347,2026-03-16 09:00:00,JOB_TYPE_A
348,WO-00348,2031-12-25 20:00:00,JOB_TYPE_B
349,WO-00349,2027-10-19 19:00:00,JOB_TYPE_A
350,WO-00350,2032-03-05 00:00:00,JOB_TYPE_C
351,WO-00351,2030-01-13 14:00:00,JOB_TYPE_B
352,WO-00352,2026-07-16 09:00:00,JOB_TYPE_C
353,WO-00353,2028-01-10 17:00:00,JOB_TYPE_A
354,WO-00354,2029-07-29 16:00:00,JOB_TYPE_A
355,WO-00355,2032-02-26 15:00:00,JOB_TYPE_B
356,WO-00356,2031-02-26 04:00:00,JOB_TYPE_C
357,WO-00357,2030-05-05 11:00:00,JOB_TYPE_C
358,WO-00358,2028-07-14 16:00:00,JOB_TYPE_B
359,WO-00359,2030-09-29 04:00:00,JOB_TYPE_C
360,WO-00360,2029-12-08 15:00:00,JOB_TYPE_B
361,WO-00361,2032-05-16 06:00:00,JOB_TYPE_C
362,WO-00362,2029-06-30 21:00:00,JOB_TYPE_A
363,WO-00363,2031-09-21 22:00:00,JOB_TYPE_B
364,WO-00364,2029-07-12 05:00:00,JOB_TYPE_B
365,WO-00365,2031-10-14 02:00:00,JOB_TYPE_A
366,WO-00366,2032-06-10 15:00:00,JOB_TYPE_C
367,WO-00367,2028-03-27 11:00:00,JOB_TYPE_C
368,WO-00368,2029-10-14 12:00:00,JOB_TYPE_C
369,WO-00369,2027-12-14 13:00:00,JOB_TYPE_B
370,WO-00370,2029-06-14 09:00:00,JOB_TYPE_A
371,WO-00371,2031-07-01 16:00:00,JOB_TYPE_B
372,WO-00372,2027-12-01 13:00:00,JOB_TYPE_B
373,WO-00373,2028-09-03 08:00:00,JOB_TYPE_B
374,WO-00374,2030-03-15 05:00:00,JOB_TYPE_A
375,WO-00375,2027-03-14 02:00:00,JOB_TYPE_A
376,WO-00376,2027-11-22 17:00:00,JOB_TYPE_B
377,WO-00377,2031-05-09 04:00:00,JOB_TYPE_A
378,WO-00378,2031-06-12 05:00:00,JOB_TYPE_A
379,WO-00379,2026-08-23 15:00:00,JOB_TYPE_B
380,WO-00380,2029-03-18 06:00:00,JOB_TYPE_B
381,WO-00381,2030-03-21 22:00:00,JOB_TYPE_B
382,WO-00382,2029-04-09 14:00:00,JOB_TYPE_A
383,WO-00383,2027-09-17 01:00:00,JOB_TYPE_B
384,WO-00384,2029-01-27 18:00:00,JOB_TYPE_C
385,WO-00385,2031-05-13 11:00:00,JOB_TYPE_A
386,WO-00386,2032-07-26 16:00:00,JOB_TYPE_C
387,WO-00387,2029-01-02 22:00:00,JOB_TYPE_B
388,WO-00388,2026-03-17 08:00:00,JOB_TYPE_B
389,WO-00389,2028-05-24 15:00:00,JOB_TYPE_B
390,WO-00390,2032-07-17 17:00:00,JOB_TYPE_B
391,WO-00391,2030-03-09 22:00:00,JOB_TYPE_C
392,WO-00392,2031-08-28 06:00:00,JOB_TYPE_C
393,WO-00393,2032-02-22 10:00:00,JOB_TYPE_C
394,WO-00394,2027-10-24 11:00:00,JOB_TYPE_B
395,WO-00395,2027-10-21 10:00:00,JOB_TYPE_B
396,WO-00396,2029-06-03 08:00:00,JOB_TYPE_B
397,WO-00397,2026-05-19 12:00:00,JOB_TYPE_B
398,WO-00398,2028-09-04 02:00:00,JOB_TYPE_C
399,WO-00399,2031-03-29 18:00:00,JOB_TYPE_B
400,WO-00400,2031-07-30 17:00:00,JOB_TYPE_A
401,WO-00401,2032-06-12 09:00:00,JOB_TYPE_B
402,WO-00402,2027-02-12 18:00:00,JOB_TYPE_C
403,WO-00403,2030-02-26 18:00:00,JOB_TYPE_A
404,WO-00404,2029-02-09 04:00:00,JOB_TYPE_C
405,WO-00405,2030-05-20 09:00:00,JOB_TYPE_C
406,WO-00406,2026-05-14 06:00:00,JOB_TYPE_A
407,WO-00407,2030-12-20 09:00:00,JOB_TYPE_B
408,WO-00408,2027-03-06 19:00:00,JOB_TYPE_B
409,WO-00409,2027-07-10 11:00:00,JOB_TYPE_A
410,WO-00410,2028-02-09 15:00:00,JOB_TYPE_B
411,WO-00411,2028-08-11 03:00:00,JOB_TYPE_A
412,WO-00412,2029-07-24 21:00:00,JOB_TYPE_B
413,WO-00413,2028-09-07 20:00:00,JOB_TYPE_B
414,WO-00414,2028-03-30 01:00:00,JOB_TYPE_B
415,WO-00415,2028-01-19 02:00:00,JOB_TYPE_A
416,WO-00416,2029-09-05 12:00:00,JOB_TYPE_A
417,WO-00417,2031-10-06 14:00:00,JOB_TYPE_C
418,WO-00418,2026-07-21 11:00:00,JOB_TYPE_B
419,WO-00419,2027-11-03 12:00:00,JOB_TYPE_C
420,WO-00420,2026-09-04 14:00:00,JOB_TYPE_C
421,WO-00421,2026-06-19 04:00:00,JOB_TYPE_A
422,WO-00422,2028-01-05 11:00:00,JOB_TYPE_A
423,WO-00423,2032-06-08 21:00:00,JOB_TYPE_A
424,WO-00424,2030-10-22 21:00:00,JOB_TYPE_A
425,WO-00425,2027-12-12 15:00:00,JOB_TYPE_A
426,WO-00426,2029-09-14 09:00:00,JOB_TYPE_C
427,WO-00427,2027-01-07 14:00:00,JOB_TYPE_C
428,WO-00428,2027-10-17 10:00:00,JOB_TYPE_B
429,WO-00429,2031-05-24 06:00:00,JOB_TYPE_B
430,WO-00430,2031-11-24 09:00:00,JOB_TYPE_B
431,WO-00431,2027-06-02 10:00:00,JOB_TYPE_C
432,WO-00432,2030-09-14 10:00:00,JOB_TYPE_C
433,WO-00433,2031-07-14 20:00:00,JOB_TYPE_A
434,WO-00434,2031-12-24 03:00:00,JOB_TYPE_A
435,WO-00435,2028-06-27 14:00:00,JOB_TYPE_A
436,WO-00436,2030-06-28 10:00:00,JOB_TYPE_A
437,WO-00437,2028-06-30 02:00:00,JOB_TYPE_C
438,WO-00438,2031-03-24 20:00:00,JOB_TYPE_B
439,WO-00439,2029-02-16 09:00:00,JOB_TYPE_C
440,WO-00440,2027-08-24 19:00:00,JOB_TYPE_A
441,WO-00441,2030-08-04 01:00:00,JOB_TYPE_C
442,WO-00442,2032-05-16 06:00:00,JOB_TYPE_C
443,WO-00443,2027-12-24 09:00:00,JOB_TYPE_A
444,WO-00444,2031-05-18 01:00:00,JOB_TYPE_B
445,WO-00445,2032-07-09 02:00:00,JOB_TYPE_C
446,WO-00446,2030-08-26 18:00:00,JOB_TYPE_A
447,WO-00447,2032-02-12 11:00:00,JOB_TYPE_C
448,WO-00448,2032-01-06 08:00:00,JOB_TYPE_A
449,WO-00449,2028-10-04 08:00:00,JOB_TYPE_C
450,WO-00450,2029-05-14 00:00:00,JOB_TYPE_C
451,WO-00451,2028-12-07 03:00:00,JOB_TYPE_A
452,WO-00452,2029-12-11 20:00:00,JOB_TYPE_C
453,WO-00453,2028-09-18 00:00:00,JOB_TYPE_A
454,WO-00454,2032-07-07 03:00:00,JOB_TYPE_B
455,WO-00455,2032-04-23 18:00:00,JOB_TYPE_B
456,WO-00456,2026-12-14 10:00:00,JOB_TYPE_B
457,WO-00457,2028-11-14 06:00:00,JOB_TYPE_C
458,WO-00458,2032-05-11 04:00:00,JOB_TYPE_B
459,WO-00459,2031-06-14 16:00:00,JOB_TYPE_A
460,WO-00460,2029-06-02 10:00:00,JOB_TYPE_A
461,WO-00461,2031-08-26 00:00:00,JOB_TYPE_C
462,WO-00462,2031-01-10 10:00:00,JOB_TYPE_B
463,WO-00463,2030-10-08 02:00:00,JOB_TYPE_C
464,WO-00464,2031-12-15 12:00:00,JOB_TYPE_B
465,WO-00465,2029-08-21 15:00:00,JOB_TYPE_B
466,WO-00466,2032-05-03 01:00:00,JOB_TYPE_C
467,WO-00467,2030-08-05 02:00:00,JOB_TYPE_B
468,WO-00468,2028-07-28 08:00:00,JOB_TYPE_A
469,WO-00469,2032-05-16 16:00:00,JOB_TYPE_A
470,WO-00470,2028-03-31 21:00:00,JOB_TYPE_B
471,WO-00471,2027-12-27 03:00:00,JOB_TYPE_B
472,WO-00472,2030-06-04 07:00:00,JOB_TYPE_C
473,WO-00473,2031-02-27 20:00:00,JOB_TYPE_B
474,WO-00474,2028-09-04 20:00:00,JOB_TYPE_A
475,WO-00475,2029-11-10 00:00:00,JOB_TYPE_B
476,WO-00476,2027-07-10 19:00:00,JOB_TYPE_B
477,WO-00477,2027-10-01 11:00:00,JOB_TYPE_B
478,WO-00478,2032-02-16 20:00:00,JOB_TYPE_B
479,WO-00479,2028-09-15 14:00:00,JOB_TYPE_B
480,WO-00480,2030-08-15 03:00:00,JOB_TYPE_C
481,WO-00481,2028-03-24 15:00:00,JOB_TYPE_C
482,WO-00482,2026-03-28 23:00:00,JOB_TYPE_C
483,WO-00483,2027-08-04 23:00:00,JOB_TYPE_A
484,WO-00484,2027-12-20 07:00:00,JOB_TYPE_C
485,WO-00485,2029-03-15 01:00:00,JOB_TYPE_B
486,WO-00486,2030-04-25 06:00:00,JOB_TYPE_A
487,WO-00487,2031-04-30 01:00:00,JOB_TYPE_B
488,WO-00488,2030-12-28 23:00:00,JOB_TYPE_C
489,WO-00489,2029-10-31 12:00:00,JOB_TYPE_B
490,WO-00490,2032-02-03 11:00:00,JOB_TYPE_A
491,WO-00491,2026-11-10 08:00:00,JOB_TYPE_B
492,WO-00492,2027-10-27 08:00:00,JOB_TYPE_B
493,WO-00493,2031-05-03 06:00:00,JOB_TYPE_A
494,WO-00494,2028-06-14 09:00:00,JOB_TYPE_C
495,WO-00495,2030-07-06 06:00:00,JOB_TYPE_B
496,WO-00496,2029-09-13 13:00:00,JOB_TYPE_C
497,WO-00497,2030-02-18 00:00:00,JOB_TYPE_B
498,WO-00498,2029-05-06 03:00:00,JOB_TYPE_C
499,WO-00499,2030-04-12 04:00:00,JOB_TYPE_B
500,WO-00500,2028-10-16 22:00:00,JOB_TYPE_C
501,WO-00501,2029-07-22 06:00:00,JOB_TYPE_B
502,WO-00502,2028-06-15 12:00:00,JOB_TYPE_B
503,WO-00503,2027-11-20 18:00:00,JOB_TYPE_A
504,WO-00504,2031-07-22 20:00:00,JOB_TYPE_A
505,WO-00505,2028-07-09 21:00:00,JOB_TYPE_A
506,WO-00506,2031-09-19 19:00:00,JOB_TYPE_C
507,WO-00507,2031-11-11 12:00:00,JOB_TYPE_C
508,WO-00508,2027-07-19 19:00:00,JOB_TYPE_A
509,WO-00509,2027-10-13 02:00:00,JOB_TYPE_C
510,WO-00510,2029-10-13 10:00:00,JOB_TYPE_B
511,WO-00511,2031-07-31 20:00:00,JOB_TYPE_C
512,WO-00512,2031-11-06 02:00:00,JOB_TYPE_C
513,WO-00513,2030-08-16 21:00:00,JOB_TYPE_B
514,WO-00514,2026-11-30 18:00:00,JOB_TYPE_A
515,WO-00515,2028-05-18 04:00:00,JOB_TYPE_A
516,WO-00516,2028-11-10 16:00:00,JOB_TYPE_A
517,WO-00517,2028-06-03 15:00:00,JOB_TYPE_A
518,WO-00518,2031-06-16 14:00:00,JOB_TYPE_C
519,WO-00519,2027-02-09 21:00:00,JOB_TYPE_B
520,WO-00520,2026-07-03 12:00:00,JOB_TYPE_A
521,WO-00521,2030-04-20 06:00:00,JOB_TYPE_B
522,WO-00522,2031-05-18 15:00:00,JOB_TYPE_A
523,WO-00523,2030-12-07 01:00:00,JOB_TYPE_B
524,WO-00524,2026-12-06 09:00:00,JOB_TYPE_A
525,WO-00525,2030-06-15 19:00:00,JOB_TYPE_B
526,WO-00526,2029-09-03 00:00:00,JOB_TYPE_B
527,WO-00527,2029-06-16 00:00:00,JOB_TYPE_B
528,WO-00528,2027-07-17 16:00:00,JOB_TYPE_A
529,WO-00529,2028-01-19 16:00:00,JOB_TYPE_B
530,WO-00530,2027-01-06 18:00:00,JOB_TYPE_A
531,WO-00531,2029-02-27 10:00:00,JOB_TYPE_B
532,WO-00532,2026-09-19 13:00:00,JOB_TYPE_C
533,WO-00533,2030-11-14 01:00:00,JOB_TYPE_C
534,WO-00534,2026-07-25 15:00:00,JOB_TYPE_A
535,WO-00535,2027-04-12 15:00:00,JOB_TYPE_C
536,WO-00536,2028-06-07 22:00:00,JOB_TYPE_A
537,WO-00537,2028-01-07 23:00:00,JOB_TYPE_A
538,WO-00538,2030-05-03 03:00:00,JOB_TYPE_B
539,WO-00539,2030-09-11 21:00:00,JOB_TYPE_C
540,WO-00540,2032-01-28 11:00:00,JOB_TYPE_C
541,WO-00541,2027-11-07 12:00:00,JOB_TYPE_C
542,WO-00542,2029-01-02 22:00:00,JOB_TYPE_B
543,WO-00543,2029-06-22 04:00:00,JOB_TYPE_B
544,WO-00544,2032-08-05 01:00:00,JOB_TYPE_C
545,WO-00545,2029-05-15 05:00:00,JOB_TYPE_B
546,WO-00546,2030-05-31 23:00:00,JOB_TYPE_C
547,WO-00547,2026-08-12 17:00:00,JOB_TYPE_C
548,WO-00548,2031-09-12 04:00:00,JOB_TYPE_A
549,WO-00549,2031-11-13 00:00:00,JOB_TYPE_A
550,WO-00550,2030-11-03 07:00:00,JOB_TYPE_A
551,WO-00551,2028-02-21 21:00:00,JOB_TYPE_C
552,WO-00552,2026-10-08 22:00:00,JOB_TYPE_A
553,WO-00553,2027-12-16 05:00:00,JOB_TYPE_A
554,WO-00554,2030-04-16 13:00:00,JOB_TYPE_A
555,WO-00555,2027-05-02 16:00:00,JOB_TYPE_A
556,WO-00556,2029-03-20 18:00:00,JOB_TYPE_B
557,WO-00557,2031-04-26 16:00:00,JOB_TYPE_C
558,WO-00558,2029-09-04 10:00:00,JOB_TYPE_B
559,WO-00559,2026-05-29 09:00:00,JOB_TYPE_A
560,WO-00560,2028-04-25 23:00:00,JOB_TYPE_C
561,WO-00561,2028-04-11 06:00:00,JOB_TYPE_C
562,WO-00562,2032-08-03 13:00:00,JOB_TYPE_B
563,WO-00563,2026-09-11 14:00:00,JOB_TYPE_C
564,WO-00564,2027-11-28 15:00:00,JOB_TYPE_B
565,WO-00565,2032-01-20 13:00:00,JOB_TYPE_C
566,WO-00566,2030-07-28 18:00:00,JOB_TYPE_C
567,WO-00567,2032-03-04 10:00:00,JOB_TYPE_A
568,WO-00568,2029-05-05 03:00:00,JOB_TYPE_A
569,WO-00569,2030-03-27 06:00:00,JOB_TYPE_A
570,WO-00570,2031-01-02 17:00:00,JOB_TYPE_A
571,WO-00571,2028-02-24 14:00:00,JOB_TYPE_A
572,WO-00572,2026-09-12 05:00:00,JOB_TYPE_A
573,WO-00573,2027-05-28 07:00:00,JOB_TYPE_B
574,WO-00574,2030-08-12 02:00:00,JOB_TYPE_C
575,WO-00575,2032-04-28 23:00:00,JOB_TYPE_C
576,WO-00576,2028-04-27 08:00:00,JOB_TYPE_B
577,WO-00577,2027-02-03 19:00:00,JOB_TYPE_B
578,WO-00578,2031-04-24 19:00:00,JOB_TYPE_B
579,WO-00579,2031-05-24 23:00:00,JOB_TYPE_B
580,WO-00580,2028-03-13 15:00:00,JOB_TYPE_C
581,WO-00581,2030-03-14 18:00:00,JOB_TYPE_B
582,WO-00582,2029-06-08 14:00:00,JOB_TYPE_A
583,WO-00583,2030-08-20 06:00:00,JOB_TYPE_A
584,WO-00584,2029-05-23 23:00:00,JOB_TYPE_C
585,WO-00585,2028-07-28 09:00:00,JOB_TYPE_C
586,WO-00586,2028-01-13 22:00:00,JOB_TYPE_A
587,WO-00587,2026-11-05 15:00:00,JOB_TYPE_A
588,WO-00588,2031-03-16 12:00:00,JOB_TYPE_C
589,WO-00589,2030-07-21 11:00:00,JOB_TYPE_A
590,WO-00590,2031-11-18 13:00:00,JOB_TYPE_C
591,WO-00591,2032-04-21 06:00:00,JOB_TYPE_B
592,WO-00592,2030-06-21 18:00:00,JOB_TYPE_A
593,WO-00593,2031-11-14 01:00:00,JOB_TYPE_A
594,WO-00594,2029-09-06 00:00:00,JOB_TYPE_C
595,WO-00595,2031-01-13 07:00:00,JOB_TYPE_B
596,WO-00596,2028-03-29 19:00:00,JOB_TYPE_A
597,WO-00597,2030-07-16 14:00:00,JOB_TYPE_B
598,WO-00598,2030-11-28 15:00:00,JOB_TYPE_B
599,WO-00599,2026-11-05 09:00:00,JOB_TYPE_B
600,WO-00600,2028-10-06 09:00:00,JOB_TYPE_B
601,WO-00601,2028-08-27 09:00:00,JOB_TYPE_B
602,WO-00602,2031-03-05 03:00:00,JOB_TYPE_A
603,WO-00603,2032-07-29 10:00:00,JOB_TYPE_A
604,WO-00604,2028-08-17 20:00:00,JOB_TYPE_B
605,WO-00605,2031-05-08 10:00:00,JOB_TYPE_B
606,WO-00606,2028-04-26 06:00:00,JOB_TYPE_C
607,WO-00607,2029-02-26 18:00:00,JOB_TYPE_C
608,WO-00608,2026-06-09 10:00:00,JOB_TYPE_B
609,WO-00609,2026-10-27 17:00:00,JOB_TYPE_B
610,WO-00610,2028-01-19 11:00:00,JOB_TYPE_B
611,WO-00611,2027-01-11 19:00:00,JOB_TYPE_B
612,WO-00612,2032-08-18 00:00:00,JOB_TYPE_C
613,WO-00613,2032-04-30 20:00:00,JOB_TYPE_A
614,WO-00614,2031-01-30 02:00:00,JOB_TYPE_C
615,WO-00615,2029-08-13 18:00:00,JOB_TYPE_B
616,WO-00616,2026-07-27 06:00:00,JOB_TYPE_A
617,WO-00617,2030-01-14 22:00:00,JOB_TYPE_B
618,WO-00618,2030-10-26 10:00:00,JOB_TYPE_B
619,WO-00619,2030-11-03 00:00:00,JOB_TYPE_B
620,WO-00620,2031-11-05 12:00:00,JOB_TYPE_A
621,WO-00621,2027-09-08 02:00:00,JOB_TYPE_B
622,WO-00622,2030-04-08 23:00:00,JOB_TYPE_A
623,WO-00623,2028-04-25 18:00:00,JOB_TYPE_B
624,WO-00624,2031-05-20 22:00:00,JOB_TYPE_B
625,WO-00625,2027-01-26 19:00:00,JOB_TYPE_A
626,WO-00626,2030-11-15 15:00:00,JOB_TYPE_C
627,WO-00627,2032-02-20 21:00:00,JOB_TYPE_A
628,WO-00628,2031-06-21 10:00:00,JOB_TYPE_A
629,WO-00629,2028-06-26 19:00:00,JOB_TYPE_C
630,WO-00630,2026-04-07 14:00:00,JOB_TYPE_C
631,WO-00631,2029-03-19 08:00:00,JOB_TYPE_A
632,WO-00632,2027-11-04 19:00:00,JOB_TYPE_A
633,WO-00633,2029-08-12 07:00:00,JOB_TYPE_A
634,WO-00634,2031-01-02 22:00:00,JOB_TYPE_A
635,WO-00635,2029-11-21 03:00:00,JOB_TYPE_C
636,WO-00636,2028-05-06 05:00:00,JOB_TYPE_C
637,WO-00637,2031-06-09 11:00:00,JOB_TYPE_B
638,WO-00638,2029-04-08 19:00:00,JOB_TYPE_B
639,WO-00639,2029-09-10 17:00:00,JOB_TYPE_A
640,WO-00640,2029-07-30 13:00:00,JOB_TYPE_C
641,WO-00641,2027-03-31 05:00:00,JOB_TYPE_B
642,WO-00642,2027-08-03 17:00:00,JOB_TYPE_C
643,WO-00643,2029-12-18 02:00:00,JOB_TYPE_C
644,WO-00644,2027-03-09 00:00:00,JOB_TYPE_A
645,WO-00645,2028-03-24 14:00:00,JOB_TYPE_B
646,WO-00646,2028-09-14 08:00:00,JOB_TYPE_C
647,WO-00647,2028-02-28 19:00:00,JOB_TYPE_A
648,WO-00648,2028-04-11 14:00:00,JOB_TYPE_C
649,WO-00649,2028-05-24 12:00:00,JOB_TYPE_C
650,WO-00650,2030-07-01 19:00:00,JOB_TYPE_C
651,WO-00651,2029-10-28 07:00:00,JOB_TYPE_A
652,WO-00652,2029-07-02 14:00:00,JOB_TYPE_C
653,WO-00653,2029-10-13 19:00:00,JOB_TYPE_B
654,WO-00654,2028-08-25 00:00:00,JOB_TYPE_C
655,WO-00655,2031-11-13 09:00:00,JOB_TYPE_C
656,WO-00656,2028-12-25 06:00:00,JOB_TYPE_B
657,WO-00657,2028-07-26 22:00:00,JOB_TYPE_A
658,WO-00658,2031-05-18 21:00:00,JOB_TYPE_A
659,WO-00659,2030-06-09 15:00:00,JOB_TYPE_B
660,WO-00660,2027-11-29 00:00:00,JOB_TYPE_B
661,WO-00661,2026-06-28 10:00:00,JOB_TYPE_B
662,WO-00662,2031-09-24 18:00:00,JOB_TYPE_B
663,WO-00663,2031-06-08 23:00:00,JOB_TYPE_B
664,WO-00664,2029-01-18 12:00:00,JOB_TYPE_C
665,WO-00665,2032-02-02 00:00:00,JOB_TYPE_C
666,WO-00666,2027-04-20 14:00:00,JOB_TYPE_B
667,WO-00667,2026-06-10 08:00:00,JOB_TYPE_A
668,WO-00668,2029-12-01 20:00:00,JOB_TYPE_C
669,WO-00669,2028-08-23 19:00:00,JOB_TYPE_A
670,WO-00670,2032-09-12 08:00:00,JOB_TYPE_B
671,WO-00671,2026-11-28 12:00:00,JOB_TYPE_C
672,WO-00672,2029-07-30 23:00:00,JOB_TYPE_A
673,WO-00673,2031-07-26 00:00:00,JOB_TYPE_A
674,WO-00674,2029-03-24 18:00:00,JOB_TYPE_C
675,WO-00675,2027-04-26 18:00:00,JOB_TYPE_A
676,WO-00676,2029-09-03 06:00:00,JOB_TYPE_B
677,WO-00677,2028-09-10 17:00:00,JOB_TYPE_C
678,WO-00678,2031-05-05 19:00:00,JOB_TYPE_B
679,WO-00679,2031-01-08 17:00:00,JOB_TYPE_A
680,WO-00680,2032-07-13 03:00:00,JOB_TYPE_B
681,WO-00681,2032-07-14 17:00:00,JOB_TYPE_C
682,WO-00682,2032-08-02 19:00:00,JOB_TYPE_C
683,WO-00683,2029-01-01 22:00:00,JOB_TYPE_B
684,WO-00684,2030-11-06 19:00:00,JOB_TYPE_C
685,WO-00685,2031-11-03 22:00:00,JOB_TYPE_B
686,WO-00686,2032-09-07 10:00:00,JOB_TYPE_C
687,WO-00687,2026-06-07 06:00:00,JOB_TYPE_C
688,WO-00688,2026-09-04 02:00:00,JOB_TYPE_A
689,WO-00689,2030-11-18 17:00:00,JOB_TYPE_C
690,WO-00690,2028-04-23 23:00:00,JOB_TYPE_A
691,WO-00691,2031-09-30 10:00:00,JOB_TYPE_A
692,WO-00692,2029-05-29 06:00:00,JOB_TYPE_A
693,WO-00693,2031-11-06 13:00:00,JOB_TYPE_C
694,WO-00694,2031-06-05 08:00:00,JOB_TYPE_A
695,WO-00695,2029-06-24 18:00:00,JOB_TYPE_A
696,WO-00696,2031-05-09 08:00:00,JOB_TYPE_B
697,WO-00697,2026-05-19 07:00:00,JOB_TYPE_A
698,WO-00698,2028-08-03 00:00:00,JOB_TYPE_A
699,WO-00699,2028-05-10 08:00:00,JOB_TYPE_B
700,WO-00700,2028-12-18 19:00:00,JOB_TYPE_B
701,WO-00701,2027-04-02 18:00:00,JOB_TYPE_A
702,WO-00702,2030-02-18 16:00:00,JOB_TYPE_B
703,WO-00703,2030-05-24 14:00:00,JOB_TYPE_C
704,WO-00704,2032-02-02 08:00:00,JOB_TYPE_A
705,WO-00705,2027-06-08 10:00:00,JOB_TYPE_A
706,WO-00706,2026-10-02 21:00:00,JOB_TYPE_C
707,WO-00707,2032-09-03 05:00:00,JOB_TYPE_B
708,WO-00708,2030-10-18 11:00:00,JOB_TYPE_C
709,WO-00709,2027-12-18 21:00:00,JOB_TYPE_B
710,WO-00710,2030-07-10 15:00:00,JOB_TYPE_A
711,WO-00711,2027-11-25 06:00:00,JOB_TYPE_B
712,WO-00712,2030-12-07 03:00:00,JOB_TYPE_B
713,WO-00713,2029-08-07 04:00:00,JOB_TYPE_B
714,WO-00714,2031-02-24 04:00:00,JOB_TYPE_A
715,WO-00715,2032-03-06 10:00:00,JOB_TYPE_B
716,WO-00716,2028-04-24 16:00:00,JOB_TYPE_C
717,WO-00717,2030-04-01 19:00:00,JOB_TYPE_A
718,WO-00718,2026-09-18 22:00:00,JOB_TYPE_B
719,WO-00719,2028-09-29 20:00:00,JOB_TYPE_C
720,WO-00720,2028-05-26 03:00:00,JOB_TYPE_C
721,WO-00721,2029-05-02 21:00:00,JOB_TYPE_C
722,WO-00722,2028-01-13 04:00:00,JOB_TYPE_B
723,WO-00723,2032-06-25 11:00:00,JOB_TYPE_B
724,WO-00724,2027-08-27 05:00:00,JOB_TYPE_B
725,WO-00725,2032-07-17 10:00:00,JOB_TYPE_B
726,WO-00726,2026-12-17 11:00:00,JOB_TYPE_A
727,WO-00727,2029-01-05 15:00:00,JOB_TYPE_C
728,WO-00728,2028-11-05 10:00:00,JOB_TYPE_C
729,WO-00729,2028-05-17 04:00:00,JOB_TYPE_C
730,WO-00730,2028-05-15 10:00:00,JOB_TYPE_A
731,WO-00731,2032-05-14 19:00:00,JOB_TYPE_C
732,WO-00732,2029-02-14 01:00:00,JOB_TYPE_B
733,WO-00733,2026-03-23 08:00:00,JOB_TYPE_C
734,WO-00734,2032-08-18 11:00:00,JOB_TYPE_C
735,WO-00735,2031-12-25 13:00:00,JOB_TYPE_C
736,WO-00736,2026-07-13 04:00:00,JOB_TYPE_C
737,WO-00737,2031-09-26 01:00:00,JOB_TYPE_B
738,WO-00738,2032-05-22 10:00:00,JOB_TYPE_B
739,WO-00739,2031-12-18 12:00:00,JOB_TYPE_A
740,WO-00740,2030-09-13 22:00:00,JOB_TYPE_B
741,WO-00741,2027-10-20 06:00:00,JOB_TYPE_C
742,WO-00742,2027-08-02 10:00:00,JOB_TYPE_C
743,WO-00743,2028-01-14 15:00:00,JOB_TYPE_C
744,WO-00744,2031-10-24 11:00:00,JOB_TYPE_C
745,WO-00745,2031-11-25 22:00:00,JOB_TYPE_C
746,WO-00746,2031-04-03 10:00:00,JOB_TYPE_A
747,WO-00747,2030-11-10 18:00:00,JOB_TYPE_A
748,WO-00748,2030-11-08 15:00:00,JOB_TYPE_C
749,WO-00749,2026-06-16 21:00:00,JOB_TYPE_B
750,WO-00750,2032-01-22 16:00:00,JOB_TYPE_B
751,WO-00751,2026-05-31 08:00:00,JOB_TYPE_C
752,WO-00752,2028-11-21 13:00:00,JOB_TYPE_C
753,WO-00753,2027-02-23 02:00:00,JOB_TYPE_A
754,WO-00754,2028-05-15 02:00:00,JOB_TYPE_B
755,WO-00755,2031-10-02 08:00:00,JOB_TYPE_B
756,WO-00756,2027-06-23 20:00:00,JOB_TYPE_A
757,WO-00757,2027-02-25 03:00:00,JOB_TYPE_C
758,WO-00758,2032-09-18 13:00:00,JOB_TYPE_B
759,WO-00759,2030-02-17 19:00:00,JOB_TYPE_C
760,WO-00760,2028-03-14 10:00:00,JOB_TYPE_A
761,WO-00761,2028-01-31 22:00:00,JOB_TYPE_B
762,WO-00762,2032-03-11 12:00:00,JOB_TYPE_B
763,WO-00763,2031-09-29 20:00:00,JOB_TYPE_B
764,WO-00764,2032-03-05 08:00:00,JOB_TYPE_A
765,WO-00765,2029-08-31 02:00:00,JOB_TYPE_A
766,WO-00766,2027-03-20 14:00:00,JOB_TYPE_A
767,WO-00767,2032-08-05 00:00:00,JOB_TYPE_C
768,WO-00768,2031-07-30 20:00:00,JOB_TYPE_C
769,WO-00769,2029-02-18 10:00:00,JOB_TYPE_C
770,WO-00770,2028-11-24 01:00:00,JOB_TYPE_A
771,WO-00771,2032-01-28 08:00:00,JOB_TYPE_B
772,WO-00772,2026-04-08 06:00:00,JOB_TYPE_B
773,WO-00773,2030-03-05 10:00:00,JOB_TYPE_A
774,WO-00774,2029-07-25 02:00:00,JOB_TYPE_B
775,WO-00775,2031-03-12 12:00:00,JOB_TYPE_C
776,WO-00776,2031-03-11 04:00:00,JOB_TYPE_B
777,WO-00777,2030-07-14 11:00:00,JOB_TYPE_B
778,WO-00778,2032-04-23 23:00:00,JOB_TYPE_C
779,WO-00779,2028-12-09 14:00:00,JOB_TYPE_A
780,WO-00780,2031-03-18 00:00:00,JOB_TYPE_A
781,WO-00781,2029-09-08 16:00:00,JOB_TYPE_A
782,WO-00782,2030-10-18 00:00:00,JOB_TYPE_C
783,WO-00783,2028-08-12 22:00:00,JOB_TYPE_C
784,WO-00784,2027-10-26 17:00:00,JOB_TYPE_C
785,WO-00785,2026-08-20 20:00:00,JOB_TYPE_C
786,WO-00786,2032-04-27 22:00:00,JOB_TYPE_B
787,WO-00787,2031-05-28 15:00:00,JOB_TYPE_B
788,WO-00788,2031-01-07 02:00:00,JOB_TYPE_B
789,WO-00789,2027-01-13 20:00:00,JOB_TYPE_A
790,WO-00790,2026-07-03 01:00:00,JOB_TYPE_A
791,WO-00791,2028-06-09 08:00:00,JOB_TYPE_B
792,WO-00792,2027-01-12 08:00:00,JOB_TYPE_A
793,WO-00793,2027-12-02 09:00:00,JOB_TYPE_C
794,WO-00794,2027-03-06 16:00:00,JOB_TYPE_B
795,WO-00795,2029-07-21 23:00:00,JOB_TYPE_B
796,WO-00796,2031-03-06 02:00:00,JOB_TYPE_C
797,WO-00797,2031-05-16 02:00:00,JOB_TYPE_C
798,WO-00798,2029-04-18 17:00:00,JOB_TYPE_C
799,WO-00799,2031-09-18 03:00:00,JOB_TYPE_C
800,WO-00800,2027-04-27 04:00:00,JOB_TYPE_B
801,WO-00801,2031-01-22 14:00:00,JOB_TYPE_A
802,WO-00802,2032-05-24 18:00:00,JOB_TYPE_B
803,WO-00803,2030-10-07 09:00:00,JOB_TYPE_B
804,WO-00804,2028-04-03 03:00:00,JOB_TYPE_A
805,WO-00805,2031-04-29 04:00:00,JOB_TYPE_B
806,WO-00806,2027-10-15 12:00:00,JOB_TYPE_B
807,WO-00807,2029-06-27 13:00:00,JOB_TYPE_A
808,WO-00808,2032-07-23 04:00:00,JOB_TYPE_B
809,WO-00809,2026-11-27 13:00:00,JOB_TYPE_C
810,WO-00810,2028-11-28 07:00:00,JOB_TYPE_C
811,WO-00811,2030-12-26 01:00:00,JOB_TYPE_B
812,WO-00812,2026-08-13 14:00:00,JOB_TYPE_B
813,WO-00813,2028-03-23 14:00:00,JOB_TYPE_A
814,WO-00814,2027-01-28 19:00:00,JOB_TYPE_B
815,WO-00815,2026-11-06 13:00:00,JOB_TYPE_C
816,WO-00816,2027-10-01 10:00:00,JOB_TYPE_C
817,WO-00817,2030-12-11 11:00:00,JOB_TYPE_C
818,WO-00818,2026-04-28 13:00:00,JOB_TYPE_A
819,WO-00819,2032-01-17 17:00:00,JOB_TYPE_B
820,WO-00820,2027-12-26 08:00:00,JOB_TYPE_A
821,WO-00821,2032-01-18 05:00:00,JOB_TYPE_C
822,WO-00822,2027-09-12 14:00:00,JOB_TYPE_A
823,WO-00823,2032-05-14 04:00:00,JOB_TYPE_C
824,WO-00824,2027-09-17 22:00:00,JOB_TYPE_C
825,WO-00825,2027-10-11 22:00:00,JOB_TYPE_A
826,WO-00826,2028-08-14 10:00:00,JOB_TYPE_A
827,WO-00827,2032-01-22 18:00:00,JOB_TYPE_C
828,WO-00828,2026-03-08 23:00:00,JOB_TYPE_B
829,WO-00829,2032-07-31 06:00:00,JOB_TYPE_A
830,WO-00830,2027-02-19 05:00:00,JOB_TYPE_C
831,WO-00831,2028-01-14 16:00:00,JOB_TYPE_A
832,WO-00832,2026-12-26 10:00:00,JOB_TYPE_C
833,WO-00833,2032-08-22 05:00:00,JOB_TYPE_A
834,WO-00834,2027-02-24 03:00:00,JOB_TYPE_A
835,WO-00835,2028-11-03 11:00:00,JOB_TYPE_A
836,WO-00836,2030-07-26 05:00:00,JOB_TYPE_B
837,WO-00837,2026-04-13 08:00:00,JOB_TYPE_A
838,WO-00838,2028-02-23 21:00:00,JOB_TYPE_A
839,WO-00839,2027-02-10 09:00:00,JOB_TYPE_C
840,WO-00840,2029-04-23 18:00:00,JOB_TYPE_C
841,WO-00841,2027-01-05 14:00:00,JOB_TYPE_C
842,WO-00842,2026-08-21 19:00:00,JOB_TYPE_B
843,WO-00843,2029-07-07 08:00:00,JOB_TYPE_B
844,WO-00844,2029-12-31 17:00:00,JOB_TYPE_C
845,WO-00845,2026-12-24 00:00:00,JOB_TYPE_B
846,WO-00846,2029-12-06 01:00:00,JOB_TYPE_A
847,WO-00847,2030-10-05 21:00:00,JOB_TYPE_A
848,WO-00848,2031-08-08 02:00:00,JOB_TYPE_C
849,WO-00849,2030-01-23 03:00:00,JOB_TYPE_B
850,WO-00850,2029-08-03 00:00:00,JOB_TYPE_C
851,WO-00851,2026-05-25 07:00:00,JOB_TYPE_A
852,WO-00852,2029-09-29 04:00:00,JOB_TYPE_B
853,WO-00853,2029-05-08 06:00:00,JOB_TYPE_C
854,WO-00854,2026-12-21 01:00:00,JOB_TYPE_B
855,WO-00855,2031-06-28 13:00:00,JOB_TYPE_B
856,WO-00856,2026-09-17 22:00:00,JOB_TYPE_A
857,WO-00857,2028-07-27 19:00:00,JOB_TYPE_C
858,WO-00858,2027-04-10 07:00:00,JOB_TYPE_A
859,WO-00859,2027-02-08 20:00:00,JOB_TYPE_B
860,WO-00860,2030-10-31 01:00:00,JOB_TYPE_C
861,WO-00861,2030-07-16 16:00:00,JOB_TYPE_C
862,WO-00862,2031-06-27 21:00:00,JOB_TYPE_B
863,WO-00863,2029-01-04 08:00:00,JOB_TYPE_C
864,WO-00864,2030-02-17 00:00:00,JOB_TYPE_B
865,WO-00865,2029-07-22 04:00:00,JOB_TYPE_C
866,WO-00866,2030-09-09 11:00:00,JOB_TYPE_B
867,WO-00867,2026-11-27 01:00:00,JOB_TYPE_C
868,WO-00868,2027-01-07 16:00:00,JOB_TYPE_C
869,WO-00869,2031-01-11 16:00:00,JOB_TYPE_C
870,WO-00870,2031-07-21 14:00:00,JOB_TYPE_A
871,WO-00871,2029-05-18 15:00:00,JOB_TYPE_B
872,WO-00872,2027-11-15 04:00:00,JOB_TYPE_B
873,WO-00873,2028-09-11 18:00:00,JOB_TYPE_B
874,WO-00874,2029-02-22 01:00:00,JOB_TYPE_B
875,WO-00875,2031-08-14 13:00:00,JOB_TYPE_A
876,WO-00876,2028-07-01 17:00:00,JOB_TYPE_B
877,WO-00877,2028-07-01 15:00:00,JOB_TYPE_C
878,WO-00878,2028-01-26 06:00:00,JOB_TYPE_B
879,WO-00879,2027-04-22 01:00:00,JOB_TYPE_C
880,WO-00880,2029-09-16 07:00:00,JOB_TYPE_A
881,WO-00881,2026-11-05 08:00:00,JOB_TYPE_A
882,WO-00882,2026-11-10 19:00:00,JOB_TYPE_B
883,WO-00883,2026-11-19 22:00:00,JOB_TYPE_C
884,WO-00884,2031-09-08 15:00:00,JOB_TYPE_B
885,WO-00885,2032-03-25 22:00:00,JOB_TYPE_A
886,WO-00886,2030-04-28 12:00:00,JOB_TYPE_A
887,WO-00887,2030-07-19 16:00:00,JOB_TYPE_C
888,WO-00888,2030-05-13 00:00:00,JOB_TYPE_B
889,WO-00889,2031-03-04 19:00:00,JOB_TYPE_A
890,WO-00890,2029-03-27 00:00:00,JOB_TYPE_B
891,WO-00891,2032-09-10 18:00:00,JOB_TYPE_C
892,WO-00892,2031-10-10 00:00:00,JOB_TYPE_B
893,WO-00893,2032-08-26 17:00:00,JOB_TYPE_C
894,WO-00894,2026-07-19 17:00:00,JOB_TYPE_B
895,WO-00895,2030-08-26 18:00:00,JOB_TYPE_B
896,WO-00896,2028-10-16 11:00:00,JOB_TYPE_A
897,WO-00897,2030-06-26 08:00:00,JOB_TYPE_C
898,WO-00898,2027-10-03 04:00:00,JOB_TYPE_A
899,WO-00899,2031-01-27 13:00:00,JOB_TYPE_B
900,WO-00900,2027-11-03 14:00:00,JOB_TYPE_A
901,WO-00901,2028-10-12 07:00:00,JOB_TYPE_C
902,WO-00902,2028-11-28 22:00:00,JOB_TYPE_A
903,WO-00903,2031-11-12 16:00:00,JOB_TYPE_B
904,WO-00904,2030-06-15 22:00:00,JOB_TYPE_A
905,WO-00905,2032-03-13 12:00:00,JOB_TYPE_B
906,WO-00906,2032-06-25 02:00:00,JOB_TYPE_C
907,WO-00907,2031-11-25 20:00:00,JOB_TYPE_C
908,WO-00908,2030-10-01 17:00:00,JOB_TYPE_C
909,WO-00909,2030-12-20 05:00:00,JOB_TYPE_C
910,WO-00910,2026-05-11 22:00:00,JOB_TYPE_C
911,WO-00911,2031-01-30 13:00:00,JOB_TYPE_C
912,WO-00912,2028-02-29 13:00:00,JOB_TYPE_A
913,WO-00913,2027-07-06 21:00:00,JOB_TYPE_B
914,WO-00914,2031-06-02 02:00:00,JOB_TYPE_B
915,WO-00915,2028-09-14 04:00:00,JOB_TYPE_B
916,WO-00916,2026-03-17 22:00:00,JOB_TYPE_A
917,WO-00917,2032-08-31 13:00:00,JOB_TYPE_A
918,WO-00918,2030-05-25 16:00:00,JOB_TYPE_C
919,WO-00919,2029-02-27 15:00:00,JOB_TYPE_A
920,WO-00920,2027-03-23 15:00:00,JOB_TYPE_C
921,WO-00921,2030-11-24 05:00:00,JOB_TYPE_A
922,WO-00922,2026-11-06 19:00:00,JOB_TYPE_C
923,WO-00923,2030-02-16 19:00:00,JOB_TYPE_A
924,WO-00924,2028-12-22 12:00:00,JOB_TYPE_B
925,WO-00925,2029-07-22 00:00:00,JOB_TYPE_B
926,WO-00926,2027-05-05 01:00:00,JOB_TYPE_B
927,WO-00927,2028-06-29 05:00:00,JOB_TYPE_C
928,WO-00928,2028-08-03 00:00:00,JOB_TYPE_C
929,WO-00929,2030-08-15 08:00:00,JOB_TYPE_A
930,WO-00930,2026-07-22 21:00:00,JOB_TYPE_A
931,WO-00931,2027-05-05 02:00:00,JOB_TYPE_C
932,WO-00932,2026-07-15 03:00:00,JOB_TYPE_C
933,WO-00933,2026-10-10 00:00:00,JOB_TYPE_B
934,WO-00934,2029-06-23 05:00:00,JOB_TYPE_C
935,WO-00935,2029-05-02 02:00:00,JOB_TYPE_B
936,WO-00936,2030-09-13 23:00:00,JOB_TYPE_B
937,WO-00937,2029-04-05 05:00:00,JOB_TYPE_B
938,WO-00938,2027-10-10 21:00:00,JOB_TYPE_C
939,WO-00939,2027-01-06 01:00:00,JOB_TYPE_B
940,WO-00940,2029-05-18 04:00:00,JOB_TYPE_A
941,WO-00941,2028-04-12 16:00:00,JOB_TYPE_C
942,WO-00942,2031-03-27 23:00:00,JOB_TYPE_C
943,WO-00943,2029-10-20 01:00:00,JOB_TYPE_C
944,WO-00944,2031-02-24 23:00:00,JOB_TYPE_B
945,WO-00945,2026-07-03 06:00:00,JOB_TYPE_A
946,WO-00946,2029-02-12 13:00:00,JOB_TYPE_C
947,WO-00947,2026-07-28 20:00:00,JOB_TYPE_A
948,WO-00948,2027-09-10 11:00:00,JOB_TYPE_B
949,WO-00949,2027-09-29 01:00:00,JOB_TYPE_A
950,WO-00950,2031-11-16 22:00:00,JOB_TYPE_B
951,WO-00951,2028-04-29 15:00:00,JOB_TYPE_B
952,WO-00952,2027-01-22 21:00:00,JOB_TYPE_A
953,WO-00953,2029-11-18 10:00:00,JOB_TYPE_C
954,WO-00954,2029-05-20 05:00:00,JOB_TYPE_A
955,WO-00955,2027-02-17 00:00:00,JOB_TYPE_B
956,WO-00956,2030-02-22 13:00:00,JOB_TYPE_C
957,WO-00957,2027-11-19 14:00:00,JOB_TYPE_C
958,WO-00958,2030-05-04 22:00:00,JOB_TYPE_C
959,WO-00959,2032-03-10 17:00:00,JOB_TYPE_B
960,WO-00960,2026-09-14 01:00:00,JOB_TYPE_B
961,WO-00961,2032-08-09 10:00:00,JOB_TYPE_C
962,WO-00962,2026-06-24 18:00:00,JOB_TYPE_B
963,WO-00963,2026-04-21 10:00:00,JOB_TYPE_B
964,WO-00964,2026-09-29 20:00:00,JOB_TYPE_B
965,WO-00965,2030-06-20 10:00:00,JOB_TYPE_B
966,WO-00966,2030-06-14 00:00:00,JOB_TYPE_B
967,WO-00967,2031-06-20 15:00:00,JOB_TYPE_C
968,WO-00968,2029-04-14 19:00:00,JOB_TYPE_B
969,WO-00969,2027-01-09 18:00:00,JOB_TYPE_B
970,WO-00970,2026-04-27 04:00:00,JOB_TYPE_B
971,WO-00971,2027-06-13 13:00:00,JOB_TYPE_C
972,WO-00972,2029-08-08 14:00:00,JOB_TYPE_C
973,WO-00973,2028-11-13 08:00:00,JOB_TYPE_A
974,WO-00974,2029-06-05 18:00:00,JOB_TYPE_A
975,WO-00975,2027-12-25 15:00:00,JOB_TYPE_B
976,WO-00976,2030-07-26 06:00:00,JOB_TYPE_B
977,WO-00977,2030-01-30 00:00:00,JOB_TYPE_A
978,WO-00978,2029-02-13 22:00:00,JOB_TYPE_B
979,WO-00979,2031-09-27 19:00:00,JOB_TYPE_B
980,WO-00980,2027-10-27 06:00:00,JOB_TYPE_B
981,WO-00981,2031-12-27 18:00:00,JOB_TYPE_A
982,WO-00982,2026-09-25 19:00:00,JOB_TYPE_C
983,WO-00983,2030-11-24 09:00:00,JOB_TYPE_A
984,WO-00984,2030-02-17 03:00:00,JOB_TYPE_C
985,WO-00985,2027-08-12 17:00:00,JOB_TYPE_B
986,WO-00986,2028-10-14 23:00:00,JOB_TYPE_C
987,WO-00987,2032-04-14 12:00:00,JOB_TYPE_C
988,WO-00988,2032-04-03 20:00:00,JOB_TYPE_A
989,WO-00989,2027-12-06 10:00:00,JOB_TYPE_A
990,WO-00990,2027-04-05 03:00:00,JOB_TYPE_B
991,WO-00991,2027-08-21 22:00:00,JOB_TYPE_A
992,WO-00992,2030-09-01 04:00:00,JOB_TYPE_A
993,WO-00993,2031-11-06 03:00:00,JOB_TYPE_C
994,WO-00994,2026-09-23 00:00:00,JOB_TYPE_A
995,WO-00995,2031-12-10 15:00:00,JOB_TYPE_C
996,WO-00996,2029-11-09 12:00:00,JOB_TYPE_B
997,WO-00997,2031-10-21 09:00:00,JOB_TYPE_C
998,WO-00998,2031-11-05 05:00:00,JOB_TYPE_C
999,WO-00999,2029-07-09 01:00:00,JOB_TYPE_C
1000,WO-01000,2030-05-20 16:00:00,JOB_TYPE_C
1001,WO-01001,2030-11-30 00:00:00,JOB_TYPE_C
1002,WO-01002,2028-07-30 19:00:00,JOB_TYPE_C
1003,WO-01003,2028-07-11 12:00:00,JOB_TYPE_A
1004,WO-01004,2029-06-14 02:00:00,JOB_TYPE_A
1005,WO-01005,2029-09-01 17:00:00,JOB_TYPE_B
1006,WO-01006,2030-11-19 08:00:00,JOB_TYPE_B
1007,WO-01007,2032-02-12 18:00:00,JOB_TYPE_B
1008,WO-01008,2030-08-02 05:00:00,JOB_TYPE_A
1009,WO-01009,2028-10-17 06:00:00,JOB_TYPE_C
1010,WO-01010,2026-09-19 20:00:00,JOB_TYPE_B
1011,WO-01011,2029-08-13 02:00:00,JOB_TYPE_B
1012,WO-01012,2026-06-11 22:00:00,JOB_TYPE_A
1013,WO-01013,2028-12-02 03:00:00,JOB_TYPE_B
1014,WO-01014,2026-09-26 18:00:00,JOB_TYPE_C
1015,WO-01015,2032-08-16 05:00:00,JOB_TYPE_A
1016,WO-01016,2030-10-05 15:00:00,JOB_TYPE_C
1017,WO-01017,2029-12-14 21:00:00,JOB_TYPE_B
1018,WO-01018,2029-08-15 18:00:00,JOB_TYPE_C
1019,WO-01019,2030-04-22 21:00:00,JOB_TYPE_C
1020,WO-01020,2026-06-21 06:00:00,JOB_TYPE_B
1021,WO-01021,2032-03-20 14:00:00,JOB_TYPE_C
1022,WO-01022,2031-01-14 04:00:00,JOB_TYPE_A
1023,WO-01023,2028-07-26 05:00:00,JOB_TYPE_C
1024,WO-01024,2029-09-20 00:00:00,JOB_TYPE_C
1025,WO-01025,2027-04-17 04:00:00,JOB_TYPE_A
1026,WO-01026,2029-07-13 11:00:00,JOB_TYPE_A
1027,WO-01027,2032-03-23 17:00:00,JOB_TYPE_B
1028,WO-01028,2031-07-03 19:00:00,JOB_TYPE_A
1029,WO-01029,2029-12-08 00:00:00,JOB_TYPE_C
1030,WO-01030,2027-06-15 10:00:00,JOB_TYPE_A
1031,WO-01031,2028-01-06 18:00:00,JOB_TYPE_C
1032,WO-01032,2029-06-08 14:00:00,JOB_TYPE_B
1033,WO-01033,2030-01-30 07:00:00,JOB_TYPE_C
1034,WO-01034,2030-09-21 10:00:00,JOB_TYPE_A
1035,WO-01035,2028-11-18 22:00:00,JOB_TYPE_B
1036,WO-01036,2028-04-11 17:00:00,JOB_TYPE_B
1037,WO-01037,2029-03-21 11:00:00,JOB_TYPE_B
1038,WO-01038,2031-03-29 02:00:00,JOB_TYPE_C
1039,WO-01039,2026-07-22 05:00:00,JOB_TYPE_C
1040,WO-01040,2031-01-01 19:00:00,JOB_TYPE_B
1041,WO-01041,2026-08-28 05:00:00,JOB_TYPE_B
1042,WO-01042,2026-11-14 07:00:00,JOB_TYPE_C
1043,WO-01043,2031-03-27 16:00:00,JOB_TYPE_B
1044,WO-01044,2028-04-15 03:00:00,JOB_TYPE_B
1045,WO-01045,2031-07-29 12:00:00,JOB_TYPE_C
1046,WO-01046,2030-09-02 00:00:00,JOB_TYPE_A
1047,WO-01047,2028-08-27 13:00:00,JOB_TYPE_A
1048,WO-01048,2030-07-09 12:00:00,JOB_TYPE_C
1049,WO-01049,2027-03-22 10:00:00,JOB_TYPE_B
1050,WO-01050,2028-06-25 09:00:00,JOB_TYPE_C
1051,WO-01051,2031-05-21 13:00:00,JOB_TYPE_C
1052,WO-01052,2029-02-03 13:00:00,JOB_TYPE_A
1053,WO-01053,2030-08-12 02:00:00,JOB_TYPE_C
1054,WO-01054,2026-10-18 14:00:00,JOB_TYPE_B
1055,WO-01055,2030-05-05 11:00:00,JOB_TYPE_B
1056,WO-01056,2030-12-22 09:00:00,JOB_TYPE_B
1057,WO-01057,2032-03-29 18:00:00,JOB_TYPE_A
1058,WO-01058,2031-03-05 02:00:00,JOB_TYPE_C
1059,WO-01059,2032-05-11 20:00:00,JOB_TYPE_C
1060,WO-01060,2031-04-15 21:00:00,JOB_TYPE_C
1061,WO-01061,2026-11-11 10:00:00,JOB_TYPE_C
1062,WO-01062,2031-03-06 01:00:00,JOB_TYPE_B
1063,WO-01063,2029-12-18 18:00:00,JOB_TYPE_B
1064,WO-01064,2026-04-20 00:00:00,JOB_TYPE_B
1065,WO-01065,2028-06-21 15:00:00,JOB_TYPE_A
1066,WO-01066,2027-10-07 03:00:00,JOB_TYPE_B
1067,WO-01067,2031-11-22 08:00:00,JOB_TYPE_B
1068,WO-01068,2027-08-07 13:00:00,JOB_TYPE_A
1069,WO-01069,2027-03-11 21:00:00,JOB_TYPE_A
1070,WO-01070,2026-09-27 23:00:00,JOB_TYPE_B
1071,WO-01071,2032-06-23 02:00:00,JOB_TYPE_A
1072,WO-01072,2029-12-16 13:00:00,JOB_TYPE_C
1073,WO-01073,2032-05-28 16:00:00,JOB_TYPE_C
1074,WO-01074,2030-02-06 00:00:00,JOB_TYPE_A
1075,WO-01075,2031-02-10 18:00:00,JOB_TYPE_B
1076,WO-01076,2032-09-18 09:00:00,JOB_TYPE_C
1077,WO-01077,2027-02-22 02:00:00,JOB_TYPE_C
1078,WO-01078,2028-12-23 22:00:00,JOB_TYPE_A
1079,WO-01079,2027-05-18 07:00:00,JOB_TYPE_A
1080,WO-01080,2032-05-18 09:00:00,JOB_TYPE_C
1081,WO-01081,2031-12-05 20:00:00,JOB_TYPE_C
1082,WO-01082,2032-03-18 11:00:00,JOB_TYPE_A
1083,WO-01083,2031-07-22 13:00:00,JOB_TYPE_B
1084,WO-01084,2026-06-28 13:00:00,JOB_TYPE_B
1085,WO-01085,2028-11-20 00:00:00,JOB_TYPE_C
1086,WO-01086,2031-07-18 04:00:00,JOB_TYPE_A
1087,WO-01087,2029-06-26 05:00:00,JOB_TYPE_C
1088,WO-01088,2028-04-17 07:00:00,JOB_TYPE_C
1089,WO-01089,2032-01-09 13:00:00,JOB_TYPE_B
1090,WO-01090,2027-11-30 05:00:00,JOB_TYPE_C
1091,WO-01091,2027-12-14 08:00:00,JOB_TYPE_B
1092,WO-01092,2032-03-17 07:00:00,JOB_TYPE_B
1093,WO-01093,2032-05-28 15:00:00,JOB_TYPE_A
1094,WO-01094,2028-11-29 16:00:00,JOB_TYPE_C
1095,WO-01095,2030-06-05 21:00:00,JOB_TYPE_B
1096,WO-01096,2029-08-12 22:00:00,JOB_TYPE_B
1097,WO-01097,2031-12-25 01:00:00,JOB_TYPE_B
1098,WO-01098,2029-12-03 12:00:00,JOB_TYPE_C
1099,WO-01099,2029-04-17 11:00:00,JOB_TYPE_A
1100,WO-01100,2032-04-08 21:00:00,JOB_TYPE_A
1101,WO-01101,2032-02-26 05:00:00,JOB_TYPE_C
1102,WO-01102,2027-03-14 04:00:00,JOB_TYPE_B
1103,WO-01103,2026-07-21 17:00:00,JOB_TYPE_C
1104,WO-01104,2029-10-03 13:00:00,JOB_TYPE_B
1105,WO-01105,2030-04-23 12:00:00,JOB_TYPE_A
1106,WO-01106,2031-06-25 20:00:00,JOB_TYPE_C
1107,WO-01107,2032-07-11 12:00:00,JOB_TYPE_A
1108,WO-01108,2028-04-17 15:00:00,JOB_TYPE_A
1109,WO-01109,2031-11-14 01:00:00,JOB_TYPE_A
1110,WO-01110,2028-03-15 03:00:00,JOB_TYPE_B
1111,WO-01111,2030-01-01 01:00:00,JOB_TYPE_A
1112,WO-01112,2032-05-17 13:00:00,JOB_TYPE_B
1113,WO-01113,2026-11-06 16:00:00,JOB_TYPE_A
1114,WO-01114,2032-04-08 09:00:00,JOB_TYPE_B
1115,WO-01115,2028-10-10 20:00:00,JOB_TYPE_A
1116,WO-01116,2029-04-07 04:00:00,JOB_TYPE_A
1117,WO-01117,2029-02-15 20:00:00,JOB_TYPE_C
1118,WO-01118,2028-12-16 09:00:00,JOB_TYPE_A
1119,WO-01119,2029-01-18 17:00:00,JOB_TYPE_A
1120,WO-01120,2028-12-19 00:00:00,JOB_TYPE_A
1121,WO-01121,2026-05-17 05:00:00,JOB_TYPE_B
1122,WO-01122,2026-11-26 19:00:00,JOB_TYPE_C
1123,WO-01123,2031-01-09 01:00:00,JOB_TYPE_B
1124,WO-01124,2032-01-30 05:00:00,JOB_TYPE_A
1125,WO-01125,2027-03-11 23:00:00,JOB_TYPE_A
1126,WO-01126,2028-04-22 14:00:00,JOB_TYPE_B
1127,WO-01127,2031-05-14 23:00:00,JOB_TYPE_A
1128,WO-01128,2031-11-02 09:00:00,JOB_TYPE_C
1129,WO-01129,2029-09-02 05:00:00,JOB_TYPE_B
1130,WO-01130,2030-10-06 13:00:00,JOB_TYPE_A
1131,WO-01131,2026-10-03 14:00:00,JOB_TYPE_A
1132,WO-01132,2028-01-29 02:00:00,JOB_TYPE_A
1133,WO-01133,2032-05-28 06:00:00,JOB_TYPE_A
1134,WO-01134,2030-04-07 20:00:00,JOB_TYPE_C
1135,WO-01135,2030-09-18 21:00:00,JOB_TYPE_C
1136,WO-01136,2029-04-30 00:00:00,JOB_TYPE_A
1137,WO-01137,2031-12-19 17:00:00,JOB_TYPE_B
1138,WO-01138,2027-12-10 03:00:00,JOB_TYPE_B
1139,WO-01139,2027-01-27 23:00:00,JOB_TYPE_A
1140,WO-01140,2027-12-12 08:00:00,JOB_TYPE_B
1141,WO-01141,2030-12-10 00:00:00,JOB_TYPE_C
1142,WO-01142,2029-07-31 11:00:00,JOB_TYPE_A
1143,WO-01143,2026-12-28 23:00:00,JOB_TYPE_B
1144,WO-01144,2030-08-16 17:00:00,JOB_TYPE_C
1145,WO-01145,2026-04-15 03:00:00,JOB_TYPE_C
1146,WO-01146,2030-01-06 13:00:00,JOB_TYPE_C
1147,WO-01147,2027-12-21 21:00:00,JOB_TYPE_C
1148,WO-01148,2027-03-28 07:00:00,JOB_TYPE_B
1149,WO-01149,2029-05-16 08:00:00,JOB_TYPE_A
1150,WO-01150,2030-10-05 02:00:00,JOB_TYPE_B
1151,WO-01151,2027-12-18 03:00:00,JOB_TYPE_C
1152,WO-01152,2029-04-11 18:00:00,JOB_TYPE_A
1153,WO-01153,2031-02-17 10:00:00,JOB_TYPE_C
1154,WO-01154,2026-10-21 00:00:00,JOB_TYPE_C
1155,WO-01155,2028-11-09 22:00:00,JOB_TYPE_A
1156,WO-01156,2030-02-04 17:00:00,JOB_TYPE_C
1157,WO-01157,2029-12-15 14:00:00,JOB_TYPE_C
1158,WO-01158,2030-04-22 10:00:00,JOB_TYPE_A
1159,WO-01159,2029-01-30 10:00:00,JOB_TYPE_B
1160,WO-01160,2026-06-28 03:00:00,JOB_TYPE_C
1161,WO-01161,2029-01-20 16:00:00,JOB_TYPE_B
1162,WO-01162,2028-01-22 21:00:00,JOB_TYPE_C
1163,WO-01163,2026-04-14 14:00:00,JOB_TYPE_B
1164,WO-01164,2032-01-22 10:00:00,JOB_TYPE_A
1165,WO-01165,2028-09-27 18:00:00,JOB_TYPE_A
1166,WO-01166,2031-08-23 16:00:00,JOB_TYPE_C
1167,WO-01167,2030-11-10 19:00:00,JOB_TYPE_A
1168,WO-01168,2031-12-06 23:00:00,JOB_TYPE_C
1169,WO-01169,2031-08-29 19:00:00,JOB_TYPE_B
1170,WO-01170,2027-02-28 13:00:00,JOB_TYPE_A
1171,WO-01171,2028-10-18 06:00:00,JOB_TYPE_C
1172,WO-01172,2028-09-10 17:00:00,JOB_TYPE_C
1173,WO-01173,2027-06-22 08:00:00,JOB_TYPE_C
1174,WO-01174,2029-08-20 23:00:00,JOB_TYPE_C
1175,WO-01175,2029-09-27 23:00:00,JOB_TYPE_C
1176,WO-01176,2027-07-11 23:00:00,JOB_TYPE_A
1177,WO-01177,2026-08-20 13:00:00,JOB_TYPE_C
1178,WO-01178,2031-12-19 18:00:00,JOB_TYPE_B
1179,WO-01179,2026-06-10 05:00:00,JOB_TYPE_B
1180,WO-01180,2027-09-02 17:00:00,JOB_TYPE_A
1181,WO-01181,2032-01-29 12:00:00,JOB_TYPE_A
1182,WO-01182,2026-06-23 16:00:00,JOB_TYPE_B
1183,WO-01183,2028-06-24 23:00:00,JOB_TYPE_C
1184,WO-01184,2029-02-20 16:00:00,JOB_TYPE_C
1185,WO-01185,2029-09-13 22:00:00,JOB_TYPE_B
1186,WO-01186,2026-06-09 05:00:00,JOB_TYPE_C
1187,WO-01187,2027-08-05 02:00:00,JOB_TYPE_B
1188,WO-01188,2028-10-31 00:00:00,JOB_TYPE_A
1189,WO-01189,2032-08-20 10:00:00,JOB_TYPE_C
1190,WO-01190,2028-08-23 15:00:00,JOB_TYPE_B
1191,WO-01191,2027-02-04 03:00:00,JOB_TYPE_B
1192,WO-01192,2029-06-06 10:00:00,JOB_TYPE_B
1193,WO-01193,2031-09-20 23:00:00,JOB_TYPE_B
1194,WO-01194,2029-01-20 01:00:00,JOB_TYPE_B
1195,WO-01195,2027-07-24 09:00:00,JOB_TYPE_B
1196,WO-01196,2031-05-04 01:00:00,JOB_TYPE_B
1197,WO-01197,2028-11-28 08:00:00,JOB_TYPE_C
1198,WO-01198,2028-02-27 13:00:00,JOB_TYPE_A
1199,WO-01199,2031-08-07 16:00:00,JOB_TYPE_B
1200,WO-01200,2026-10-02 18:00:00,JOB_TYPE_B
1201,WO-01201,2030-09-01 08:00:00,JOB_TYPE_A
1202,WO-01202,2030-03-29 18:00:00,JOB_TYPE_B
1203,WO-01203,2028-07-25 08:00:00,JOB_TYPE_A
1204,WO-01204,2026-10-05 21:00:00,JOB_TYPE_B
1205,WO-01205,2031-02-08 00:00:00,JOB_TYPE_B
1206,WO-01206,2028-06-15 04:00:00,JOB_TYPE_B
1207,WO-01207,2030-09-01 19:00:00,JOB_TYPE_C
1208,WO-01208,2029-05-07 19:00:00,JOB_TYPE_A
1209,WO-01209,2031-04-27 18:00:00,JOB_TYPE_B
1210,WO-01210,2028-10-16 04:00:00,JOB_TYPE_B
1211,WO-01211,2026-06-24 21:00:00,JOB_TYPE_C
1212,WO-01212,2032-09-01 00:00:00,JOB_TYPE_B
1213,WO-01213,2030-10-05 04:00:00,JOB_TYPE_B
1214,WO-01214,2028-03-19 23:00:00,JOB_TYPE_C
1215,WO-01215,2032-01-30 12:00:00,JOB_TYPE_A
1216,WO-01216,2026-09-22 03:00:00,JOB_TYPE_C
1217,WO-01217,2030-12-06 02:00:00,JOB_TYPE_B
1218,WO-01218,2028-11-17 07:00:00,JOB_TYPE_C
1219,WO-01219,2032-02-25 18:00:00,JOB_TYPE_C
1220,WO-01220,2031-03-30 11:00:00,JOB_TYPE_A
1221,WO-01221,2026-05-25 06:00:00,JOB_TYPE_A
1222,WO-01222,2032-07-04 16:00:00,JOB_TYPE_C
1223,WO-01223,2031-03-26 21:00:00,JOB_TYPE_B
1224,WO-01224,2026-06-04 06:00:00,JOB_TYPE_A
1225,WO-01225,2026-08-31 20:00:00,JOB_TYPE_A
1226,WO-01226,2031-12-26 02:00:00,JOB_TYPE_C
1227,WO-01227,2028-11-25 13:00:00,JOB_TYPE_B
1228,WO-01228,2029-01-09 16:00:00,JOB_TYPE_C
1229,WO-01229,2026-05-28 16:00:00,JOB_TYPE_C
1230,WO-01230,2027-04-24 05:00:00,JOB_TYPE_C
1231,WO-01231,2029-07-11 20:00:00,JOB_TYPE_B
1232,WO-01232,2028-12-11 02:00:00,JOB_TYPE_B
1233,WO-01233,2031-11-13 23:00:00,JOB_TYPE_A
1234,WO-01234,2030-06-15 10:00:00,JOB_TYPE_A
1235,WO-01235,2030-02-14 00:00:00,JOB_TYPE_B
1236,WO-01236,2029-02-20 03:00:00,JOB_TYPE_B
1237,WO-01237,2031-01-07 23:00:00,JOB_TYPE_B
1238,WO-01238,2028-01-11 20:00:00,JOB_TYPE_A
1239,WO-01239,2026-05-11 00:00:00,JOB_TYPE_C
1240,WO-01240,2027-07-22 06:00:00,JOB_TYPE_B
1241,WO-01241,2030-01-13 00:00:00,JOB_TYPE_B
1242,WO-01242,2030-05-12 23:00:00,JOB_TYPE_A
1243,WO-01243,2028-02-14 01:00:00,JOB_TYPE_B
1244,WO-01244,2031-06-05 17:00:00,JOB_TYPE_B
1245,WO-01245,2027-10-08 04:00:00,JOB_TYPE_C
1246,WO-01246,2028-04-19 01:00:00,JOB_TYPE_C
1247,WO-01247,2029-11-01 13:00:00,JOB_TYPE_A
1248,WO-01248,2027-01-30 03:00:00,JOB_TYPE_A
1249,WO-01249,2032-07-16 00:00:00,JOB_TYPE_A
1250,WO-01250,2029-07-17 15:00:00,JOB_TYPE_A
1251,WO-01251,2031-07-01 05:00:00,JOB_TYPE_B
1252,WO-01252,2026-10-26 23:00:00,JOB_TYPE_C
1253,WO-01253,2032-06-26 02:00:00,JOB_TYPE_B
1254,WO-01254,2031-02-26 21:00:00,JOB_TYPE_B
1255,WO-01255,2031-06-20 18:00:00,JOB_TYPE_A
1256,WO-01256,2030-04-11 02:00:00,JOB_TYPE_C
1257,WO-01257,2028-05-02 03:00:00,JOB_TYPE_B
1258,WO-01258,2032-07-12 00:00:00,JOB_TYPE_A
1259,WO-01259,2031-06-26 23:00:00,JOB_TYPE_C
1260,WO-01260,2031-05-26 07:00:00,JOB_TYPE_C
1261,WO-01261,2027-06-19 15:00:00,JOB_TYPE_B
1262,WO-01262,2029-12-19 11:00:00,JOB_TYPE_A
1263,WO-01263,2027-01-26 15:00:00,JOB_TYPE_A
1264,WO-01264,2032-02-01 02:00:00,JOB_TYPE_A
1265,WO-01265,2027-12-07 16:00:00,JOB_TYPE_B
1266,WO-01266,2026-05-12 00:00:00,JOB_TYPE_B
1267,WO-01267,2030-04-22 02:00:00,JOB_TYPE_C
1268,WO-01268,2028-12-02 14:00:00,JOB_TYPE_B
1269,WO-01269,2032-03-03 18:00:00,JOB_TYPE_C
1270,WO-01270,2027-02-18 14:00:00,JOB_TYPE_C
1271,WO-01271,2026-10-22 16:00:00,JOB_TYPE_A
1272,WO-01272,2028-06-22 19:00:00,JOB_TYPE_B
1273,WO-01273,2031-07-10 22:00:00,JOB_TYPE_C
1274,WO-01274,2029-09-28 07:00:00,JOB_TYPE_C
1275,WO-01275,2029-03-26 23:00:00,JOB_TYPE_B
1276,WO-01276,2032-04-26 12:00:00,JOB_TYPE_C
1277,WO-01277,2026-09-18 15:00:00,JOB_TYPE_A
1278,WO-01278,2028-07-13 22:00:00,JOB_TYPE_C
1279,WO-01279,2026-09-19 18:00:00,JOB_TYPE_B
1280,WO-01280,2029-08-24 06:00:00,JOB_TYPE_C
1281,WO-01281,2030-01-11 23:00:00,JOB_TYPE_B
1282,WO-01282,2027-02-14 16:00:00,JOB_TYPE_C
1283,WO-01283,2030-12-12 07:00:00,JOB_TYPE_C
1284,WO-01284,2027-07-11 03:00:00,JOB_TYPE_A
1285,WO-01285,2029-05-25 14:00:00,JOB_TYPE_C
1286,WO-01286,2032-08-27 01:00:00,JOB_TYPE_A
1287,WO-01287,2032-05-18 12:00:00,JOB_TYPE_A
1288,WO-01288,2030-01-14 00:00:00,JOB_TYPE_A
1289,WO-01289,2028-06-08 17:00:00,JOB_TYPE_A
1290,WO-01290,2027-05-17 12:00:00,JOB_TYPE_B
1291,WO-01291,2031-06-20 04:00:00,JOB_TYPE_A
1292,WO-01292,2028-10-01 02:00:00,JOB_TYPE_C
1293,WO-01293,2028-04-14 21:00:00,JOB_TYPE_A
1294,WO-01294,2028-01-14 13:00:00,JOB_TYPE_A
1295,WO-01295,2030-11-29 09:00:00,JOB_TYPE_C
1296,WO-01296,2028-03-19 16:00:00,JOB_TYPE_A
1297,WO-01297,2030-11-01 23:00:00,JOB_TYPE_B
1298,WO-01298,2030-10-04 01:00:00,JOB_TYPE_C
1299,WO-01299,2026-11-11 08:00:00,JOB_TYPE_C
1300,WO-01300,2030-12-15 13:00:00,JOB_TYPE_A
1301,WO-01301,2030-08-03 06:00:00,JOB_TYPE_C
1302,WO-01302,2027-04-26 07:00:00,JOB_TYPE_A
1303,WO-01303,2031-02-02 00:00:00,JOB_TYPE_C
1304,WO-01304,2031-07-21 01:00:00,JOB_TYPE_C
1305,WO-01305,2028-09-08 04:00:00,JOB_TYPE_C
1306,WO-01306,2026-06-21 17:00:00,JOB_TYPE_A
1307,WO-01307,2026-10-09 01:00:00,JOB_TYPE_A
1308,WO-01308,2030-12-16 20:00:00,JOB_TYPE_C
1309,WO-01309,2028-02-21 22:00:00,JOB_TYPE_C
1310,WO-01310,2027-09-27 21:00:00,JOB_TYPE_C
1311,WO-01311,2029-04-11 19:00:00,JOB_TYPE_C
1312,WO-01312,2030-12-10 02:00:00,JOB_TYPE_A
1313,WO-01313,2029-11-20 05:00:00,JOB_TYPE_C
1314,WO-01314,2030-03-30 00:00:00,JOB_TYPE_B
1315,WO-01315,2030-12-18 02:00:00,JOB_TYPE_B
1316,WO-01316,2029-10-10 00:00:00,JOB_TYPE_A
1317,WO-01317,2032-03-06 14:00:00,JOB_TYPE_C
1318,WO-01318,2029-03-14 03:00:00,JOB_TYPE_B
1319,WO-01319,2029-07-21 17:00:00,JOB_TYPE_A
1320,WO-01320,2031-04-24 14:00:00,JOB_TYPE_A
1321,WO-01321,2027-05-06 21:00:00,JOB_TYPE_B
1322,WO-01322,2029-04-09 04:00:00,JOB_TYPE_B
1323,WO-01323,2029-08-20 11:00:00,JOB_TYPE_A
1324,WO-01324,2028-09-15 04:00:00,JOB_TYPE_C
1325,WO-01325,2027-03-28 13:00:00,JOB_TYPE_B
1326,WO-01326,2032-08-08 16:00:00,JOB_TYPE_C
1327,WO-01327,2028-07-20 04:00:00,JOB_TYPE_C
1328,WO-01328,2032-08-06 17:00:00,JOB_TYPE_B
1329,WO-01329,2029-02-22 00:00:00,JOB_TYPE_A
1330,WO-01330,2031-11-07 08:00:00,JOB_TYPE_B
1331,WO-01331,2030-01-05 11:00:00,JOB_TYPE_C
1332,WO-01332,2026-12-16 04:00:00,JOB_TYPE_B
1333,WO-01333,2027-12-21 08:00:00,JOB_TYPE_B
1334,WO-01334,2027-01-29 19:00:00,JOB_TYPE_B
1335,WO-01335,2029-07-10 22:00:00,JOB_TYPE_A
1336,WO-01336,2027-03-20 22:00:00,JOB_TYPE_A
1337,WO-01337,2026-07-17 10:00:00,JOB_TYPE_B
1338,WO-01338,2029-01-13 05:00:00,JOB_TYPE_C
1339,WO-01339,2029-04-16 00:00:00,JOB_TYPE_A
1340,WO-01340,2032-08-19 02:00:00,JOB_TYPE_A
1341,WO-01341,2032-03-30 14:00:00,JOB_TYPE_B
1342,WO-01342,2030-06-25 17:00:00,JOB_TYPE_C
1343,WO-01343,2028-07-02 04:00:00,JOB_TYPE_A
1344,WO-01344,2031-11-14 01:00:00,JOB_TYPE_A
1345,WO-01345,2029-11-20 20:00:00,JOB_TYPE_C
1346,WO-01346,2029-08-26 23:00:00,JOB_TYPE_B
1347,WO-01347,2028-06-20 18:00:00,JOB_TYPE_B
1348,WO-01348,2026-05-03 12:00:00,JOB_TYPE_A
1349,WO-01349,2029-02-07 01:00:00,JOB_TYPE_C
1350,WO-01350,2029-07-31 19:00:00,JOB_TYPE_A
1351,WO-01351,2027-10-09 17:00:00,JOB_TYPE_C
1352,WO-01352,2028-10-19 21:00:00,JOB_TYPE_A
1353,WO-01353,2026-07-17 06:00:00,JOB_TYPE_B
1354,WO-01354,2029-11-11 15:00:00,JOB_TYPE_C
1355,WO-01355,2032-06-18 18:00:00,JOB_TYPE_C
1356,WO-01356,2031-03-11 16:00:00,JOB_TYPE_B
1357,WO-01357,2028-04-19 12:00:00,JOB_TYPE_C
1358,WO-01358,2026-03-23 13:00:00,JOB_TYPE_A
1359,WO-01359,2029-05-20 23:00:00,JOB_TYPE_A
1360,WO-01360,2028-02-21 10:00:00,JOB_TYPE_C
1361,WO-01361,2028-11-24 01:00:00,JOB_TYPE_B
1362,WO-01362,2028-11-24 12:00:00,JOB_TYPE_A
1363,WO-01363,2029-02-27 02:00:00,JOB_TYPE_A
1364,WO-01364,2030-06-05 11:00:00,JOB_TYPE_C
1365,WO-01365,2027-08-14 18:00:00,JOB_TYPE_B
1366,WO-01366,2030-04-19 22:00:00,JOB_TYPE_B
1367,WO-01367,2026-09-18 00:00:00,JOB_TYPE_B
1368,WO-01368,2029-12-07 04:00:00,JOB_TYPE_B
1369,WO-01369,2031-11-17 13:00:00,JOB_TYPE_C
1370,WO-01370,2028-04-03 01:00:00,JOB_TYPE_C
1371,WO-01371,2031-04-02 04:00:00,JOB_TYPE_C
1372,WO-01372,2027-01-19 16:00:00,JOB_TYPE_A
1373,WO-01373,2026-11-20 06:00:00,JOB_TYPE_B
1374,WO-01374,2028-12-14 07:00:00,JOB_TYPE_B
1375,WO-01375,2030-05-02 12:00:00,JOB_TYPE_B
1376,WO-01376,2031-10-22 19:00:00,JOB_TYPE_A
1377,WO-01377,2027-08-26 19:00:00,JOB_TYPE_C
1378,WO-01378,2029-12-20 11:00:00,JOB_TYPE_B
1379,WO-01379,2029-11-25 19:00:00,JOB_TYPE_A
1380,WO-01380,2026-07-02 23:00:00,JOB_TYPE_A
1381,WO-01381,2027-03-10 10:00:00,JOB_TYPE_C
1382,WO-01382,2028-08-26 16:00:00,JOB_TYPE_B
1383,WO-01383,2030-01-17 08:00:00,JOB_TYPE_B
1384,WO-01384,2027-04-11 22:00:00,JOB_TYPE_C
1385,WO-01385,2030-01-06 22:00:00,JOB_TYPE_A
1386,WO-01386,2028-08-12 19:00:00,JOB_TYPE_C
1387,WO-01387,2028-07-18 01:00:00,JOB_TYPE_A
1388,WO-01388,2029-02-06 06:00:00,JOB_TYPE_C
1389,WO-01389,2031-09-10 02:00:00,JOB_TYPE_B
1390,WO-01390,2030-08-08 12:00:00,JOB_TYPE_B
1391,WO-01391,2029-12-15 13:00:00,JOB_TYPE_C
1392,WO-01392,2030-02-21 21:00:00,JOB_TYPE_B
1393,WO-01393,2031-06-18 13:00:00,JOB_TYPE_C
1394,WO-01394,2028-05-27 21:00:00,JOB_TYPE_B
1395,WO-01395,2032-04-05 18:00:00,JOB_TYPE_A
1396,WO-01396,2028-12-01 02:00:00,JOB_TYPE_B
1397,WO-01397,2031-03-15 04:00:00,JOB_TYPE_A
1398,WO-01398,2029-04-11 16:00:00,JOB_TYPE_C
1399,WO-01399,2028-06-18 09:00:00,JOB_TYPE_C
1400,WO-01400,2032-09-06 15:00:00,JOB_TYPE_C
1401,WO-01401,2030-11-13 13:00:00,JOB_TYPE_A
1402,WO-01402,2030-08-17 05:00:00,JOB_TYPE_B
1403,WO-01403,2028-02-24 07:00:00,JOB_TYPE_C
1404,WO-01404,2032-01-07 02:00:00,JOB_TYPE_C
1405,WO-01405,2030-06-25 13:00:00,JOB_TYPE_A
1406,WO-01406,2031-07-23 03:00:00,JOB_TYPE_A
1407,WO-01407,2030-07-11 15:00:00,JOB_TYPE_B
1408,WO-01408,2027-06-09 20:00:00,JOB_TYPE_C
1409,WO-01409,2030-11-12 21:00:00,JOB_TYPE_C
1410,WO-01410,2030-10-18 13:00:00,JOB_TYPE_B
1411,WO-01411,2027-04-08 18:00:00,JOB_TYPE_C
1412,WO-01412,2027-12-22 14:00:00,JOB_TYPE_A
1413,WO-01413,2030-06-11 17:00:00,JOB_TYPE_C
1414,WO-01414,2026-12-26 08:00:00,JOB_TYPE_A
1415,WO-01415,2026-04-21 23:00:00,JOB_TYPE_B
1416,WO-01416,2028-07-04 20:00:00,JOB_TYPE_B
1417,WO-01417,2027-04-18 18:00:00,JOB_TYPE_B
1418,WO-01418,2031-04-29 18:00:00,JOB_TYPE_A
1419,WO-01419,2029-03-25 20:00:00,JOB_TYPE_C
1420,WO-01420,2031-12-16 10:00:00,JOB_TYPE_C
1421,WO-01421,2029-09-09 01:00:00,JOB_TYPE_C
1422,WO-01422,2031-08-08 13:00:00,JOB_TYPE_A
1423,WO-01423,2031-06-10 11:00:00,JOB_TYPE_A
1424,WO-01424,2030-01-15 14:00:00,JOB_TYPE_A
1425,WO-01425,2030-05-10 20:00:00,JOB_TYPE_B
1426,WO-01426,2031-02-11 13:00:00,JOB_TYPE_B
1427,WO-01427,2030-02-03 03:00:00,JOB_TYPE_B
1428,WO-01428,2028-07-05 00:00:00,JOB_TYPE_A
1429,WO-01429,2029-08-07 10:00:00,JOB_TYPE_C
1430,WO-01430,2028-09-21 00:00:00,JOB_TYPE_C
1431,WO-01431,2028-10-23 16:00:00,JOB_TYPE_C
1432,WO-01432,2031-12-08 07:00:00,JOB_TYPE_C
1433,WO-01433,2031-04-03 03:00:00,JOB_TYPE_C
1434,WO-01434,2032-03-03 18:00:00,JOB_TYPE_C
1435,WO-01435,2028-02-21 03:00:00,JOB_TYPE_C
1436,WO-01436,2029-10-13 09:00:00,JOB_TYPE_A
1437,WO-01437,2028-01-03 09:00:00,JOB_TYPE_B
1438,WO-01438,2030-05-03 04:00:00,JOB_TYPE_B
1439,WO-01439,2027-11-05 06:00:00,JOB_TYPE_B
1440,WO-01440,2031-12-06 01:00:00,JOB_TYPE_B
1441,WO-01441,2031-06-08 02:00:00,JOB_TYPE_A
1442,WO-01442,2031-04-29 01:00:00,JOB_TYPE_C
1443,WO-01443,2029-10-26 13:00:00,JOB_TYPE_B
1444,WO-01444,2029-10-01 10:00:00,JOB_TYPE_B
1445,WO-01445,2030-05-09 18:00:00,JOB_TYPE_C
1446,WO-01446,2028-03-16 23:00:00,JOB_TYPE_B
1447,WO-01447,2027-01-28 01:00:00,JOB_TYPE_C
1448,WO-01448,2031-03-22 21:00:00,JOB_TYPE_C
1449,WO-01449,2029-01-01 01:00:00,JOB_TYPE_B
1450,WO-01450,2032-04-12 23:00:00,JOB_TYPE_B
1451,WO-01451,2031-12-11 05:00:00,JOB_TYPE_A
1452,WO-01452,2028-05-02 09:00:00,JOB_TYPE_A
1453,WO-01453,2028-04-24 16:00:00,JOB_TYPE_C
1454,WO-01454,2026-10-03 01:00:00,JOB_TYPE_B
1455,WO-01455,2029-06-21 05:00:00,JOB_TYPE_C
1456,WO-01456,2028-01-30 12:00:00,JOB_TYPE_C
1457,WO-01457,2029-09-29 10:00:00,JOB_TYPE_A
1458,WO-01458,2027-09-04 00:00:00,JOB_TYPE_C
1459,WO-01459,2028-03-10 14:00:00,JOB_TYPE_C
1460,WO-01460,2031-05-15 06:00:00,JOB_TYPE_B
1461,WO-01461,2027-03-11 02:00:00,JOB_TYPE_A
1462,WO-01462,2030-10-07 11:00:00,JOB_TYPE_C
1463,WO-01463,2030-07-20 16:00:00,JOB_TYPE_A
1464,WO-01464,2027-12-23 07:00:00,JOB_TYPE_A
1465,WO-01465,2031-03-04 08:00:00,JOB_TYPE_C
1466,WO-01466,2027-11-07 11:00:00,JOB_TYPE_C
1467,WO-01467,2027-11-27 01:00:00,JOB_TYPE_A
1468,WO-01468,2026-11-29 20:00:00,JOB_TYPE_B
1469,WO-01469,2028-08-19 04:00:00,JOB_TYPE_C
1470,WO-01470,2029-09-11 05:00:00,JOB_TYPE_A
1471,WO-01471,2031-04-04 08:00:00,JOB_TYPE_A
1472,WO-01472,2026-03-15 09:00:00,JOB_TYPE_C
1473,WO-01473,2027-05-06 12:00:00,JOB_TYPE_B
1474,WO-01474,2031-01-17 01:00:00,JOB_TYPE_B
1475,WO-01475,2029-09-25 00:00:00,JOB_TYPE_C
1476,WO-01476,2027-08-27 21:00:00,JOB_TYPE_B
1477,WO-01477,2028-07-25 06:00:00,JOB_TYPE_B
1478,WO-01478,2030-12-28 23:00:00,JOB_TYPE_A
1479,WO-01479,2031-11-29 09:00:00,JOB_TYPE_A
1480,WO-01480,2031-01-15 11:00:00,JOB_TYPE_C
1481,WO-01481,2027-11-25 08:00:00,JOB_TYPE_C
1482,WO-01482,2031-09-08 08:00:00,JOB_TYPE_C
1483,WO-01483,2032-07-09 05:00:00,JOB_TYPE_A
1484,WO-01484,2027-06-22 07:00:00,JOB_TYPE_B
1485,WO-01485,2032-06-04 11:00:00,JOB_TYPE_A
1486,WO-01486,2026-06-08 11:00:00,JOB_TYPE_B
1487,WO-01487,2032-01-20 21:00:00,JOB_TYPE_B
1488,WO-01488,2027-07-23 00:00:00,JOB_TYPE_C
1489,WO-01489,2032-09-07 04:00:00,JOB_TYPE_B
1490,WO-01490,2032-09-19 08:00:00,JOB_TYPE_A
1491,WO-01491,2026-03-26 13:00:00,JOB_TYPE_B
1492,WO-01492,2030-05-30 03:00:00,JOB_TYPE_C
1493,WO-01493,2026-12-19 06:00:00,JOB_TYPE_B
1494,WO-01494,2028-04-16 07:00:00,JOB_TYPE_B
1495,WO-01495,2030-12-16 11:00:00,JOB_TYPE_C
1496,WO-01496,2030-01-30 23:00:00,JOB_TYPE_B
1497,WO-01497,2027-03-02 16:00:00,JOB_TYPE_C
1498,WO-01498,2029-08-30 06:00:00,JOB_TYPE_B
1499,WO-01499,2027-08-09 18:00:00,JOB_TYPE_A
1500,WO-01500,2028-08-20 05:00:00,JOB_TYPE_A
1501,WO-01501,2031-08-18 16:00:00,JOB_TYPE_B
1502,WO-01502,2031-01-04 12:00:00,JOB_TYPE_B
1503,WO-01503,2031-07-15 12:00:00,JOB_TYPE_A
1504,WO-01504,2026-04-08 17:00:00,JOB_TYPE_C
1505,WO-01505,2028-09-06 18:00:00,JOB_TYPE_B
1506,WO-01506,2030-05-29 16:00:00,JOB_TYPE_C
1507,WO-01507,2031-10-29 03:00:00,JOB_TYPE_A
1508,WO-01508,2027-06-23 11:00:00,JOB_TYPE_C
1509,WO-01509,2032-07-25 02:00:00,JOB_TYPE_C
1510,WO-01510,2029-03-12 12:00:00,JOB_TYPE_B
1511,WO-01511,2030-01-06 07:00:00,JOB_TYPE_B
1512,WO-01512,2026-10-24 02:00:00,JOB_TYPE_B
1513,WO-01513,2031-03-02 18:00:00,JOB_TYPE_A
1514,WO-01514,2027-07-18 19:00:00,JOB_TYPE_A
1515,WO-01515,2029-09-25 00:00:00,JOB_TYPE_B
1516,WO-01516,2028-01-07 14:00:00,JOB_TYPE_A
1517,WO-01517,2028-02-11 08:00:00,JOB_TYPE_B
1518,WO-01518,2027-12-04 09:00:00,JOB_TYPE_B
1519,WO-01519,2031-10-19 12:00:00,JOB_TYPE_B
1520,WO-01520,2028-08-17 08:00:00,JOB_TYPE_B
1521,WO-01521,2030-07-08 18:00:00,JOB_TYPE_C
1522,WO-01522,2030-06-12 14:00:00,JOB_TYPE_A
1523,WO-01523,2028-02-13 11:00:00,JOB_TYPE_C
1524,WO-01524,2028-11-07 01:00:00,JOB_TYPE_C
1525,WO-01525,2027-12-06 12:00:00,JOB_TYPE_A
1526,WO-01526,2031-02-26 18:00:00,JOB_TYPE_A
1527,WO-01527,2029-08-23 02:00:00,JOB_TYPE_B
1528,WO-01528,2027-05-11 09:00:00,JOB_TYPE_B
1529,WO-01529,2031-04-17 16:00:00,JOB_TYPE_C
1530,WO-01530,2031-06-04 10:00:00,JOB_TYPE_B
1531,WO-01531,2031-04-29 04:00:00,JOB_TYPE_A
1532,WO-01532,2030-12-09 08:00:00,JOB_TYPE_B
1533,WO-01533,2028-11-28 21:00:00,JOB_TYPE_C
1534,WO-01534,2027-10-25 07:00:00,JOB_TYPE_A
1535,WO-01535,2027-02-28 23:00:00,JOB_TYPE_B
1536,WO-01536,2027-04-23 13:00:00,JOB_TYPE_B
1537,WO-01537,2031-10-03 01:00:00,JOB_TYPE_C
1538,WO-01538,2028-12-15 11:00:00,JOB_TYPE_B
1539,WO-01539,2031-05-31 00:00:00,JOB_TYPE_C
1540,WO-01540,2029-09-06 22:00:00,JOB_TYPE_C
1541,WO-01541,2032-02-28 05:00:00,JOB_TYPE_C
1542,WO-01542,2032-05-02 16:00:00,JOB_TYPE_A
1543,WO-01543,2031-11-10 15:00:00,JOB_TYPE_A
1544,WO-01544,2031-04-02 00:00:00,JOB_TYPE_C
1545,WO-01545,2032-09-09 11:00:00,JOB_TYPE_A
1546,WO-01546,2030-02-03 05:00:00,JOB_TYPE_B
1547,WO-01547,2030-02-10 12:00:00,JOB_TYPE_C
1548,WO-01548,2028-11-13 03:00:00,JOB_TYPE_A
1549,WO-01549,2030-05-19 19:00:00,JOB_TYPE_A
1550,WO-01550,2026-08-16 21:00:00,JOB_TYPE_C
1551,WO-01551,2029-12-10 13:00:00,JOB_TYPE_A
1552,WO-01552,2030-06-12 02:00:00,JOB_TYPE_C
1553,WO-01553,2027-04-14 10:00:00,JOB_TYPE_A
1554,WO-01554,2028-08-13 05:00:00,JOB_TYPE_C
1555,WO-01555,2029-06-19 18:00:00,JOB_TYPE_A
1556,WO-01556,2031-04-01 21:00:00,JOB_TYPE_A
1557,WO-01557,2031-07-10 21:00:00,JOB_TYPE_C
1558,WO-01558,2029-10-26 01:00:00,JOB_TYPE_A
1559,WO-01559,2029-12-23 21:00:00,JOB_TYPE_B
1560,WO-01560,2032-03-17 12:00:00,JOB_TYPE_A
1561,WO-01561,2029-07-21 10:00:00,JOB_TYPE_A
1562,WO-01562,2029-12-31 18:00:00,JOB_TYPE_B
1563,WO-01563,2029-07-30 14:00:00,JOB_TYPE_C
1564,WO-01564,2026-08-05 21:00:00,JOB_TYPE_C
1565,WO-01565,2029-08-14 20:00:00,JOB_TYPE_C
1566,WO-01566,2032-03-12 16:00:00,JOB_TYPE_B
1567,WO-01567,2031-07-28 06:00:00,JOB_TYPE_A
1568,WO-01568,2029-02-14 10:00:00,JOB_TYPE_B
1569,WO-01569,2032-04-07 17:00:00,JOB_TYPE_A
1570,WO-01570,2031-09-27 19:00:00,JOB_TYPE_A
1571,WO-01571,2030-06-27 10:00:00,JOB_TYPE_A
1572,WO-01572,2026-07-02 22:00:00,JOB_TYPE_B
1573,WO-01573,2028-09-27 01:00:00,JOB_TYPE_C
1574,WO-01574,2026-08-22 08:00:00,JOB_TYPE_C
1575,WO-01575,2026-08-12 18:00:00,JOB_TYPE_A
1576,WO-01576,2029-09-10 07:00:00,JOB_TYPE_A
1577,WO-01577,2028-04-23 04:00:00,JOB_TYPE_B
1578,WO-01578,2027-07-05 17:00:00,JOB_TYPE_A
1579,WO-01579,2031-11-21 11:00:00,JOB_TYPE_C
1580,WO-01580,2031-08-13 16:00:00,JOB_TYPE_C
1581,WO-01581,2029-04-22 02:00:00,JOB_TYPE_B
1582,WO-01582,2029-01-08 16:00:00,JOB_TYPE_B
1583,WO-01583,2032-08-30 21:00:00,JOB_TYPE_B
1584,WO-01584,2028-12-21 00:00:00,JOB_TYPE_A
1585,WO-01585,2031-04-08 13:00:00,JOB_TYPE_C
1586,WO-01586,2032-09-13 08:00:00,JOB_TYPE_C
1587,WO-01587,2027-02-27 09:00:00,JOB_TYPE_C
1588,WO-01588,2032-08-05 09:00:00,JOB_TYPE_B
1589,WO-01589,2027-01-19 04:00:00,JOB_TYPE_A
1590,WO-01590,2030-03-07 07:00:00,JOB_TYPE_B
1591,WO-01591,2030-02-12 08:00:00,JOB_TYPE_A
1592,WO-01592,2031-08-09 18:00:00,JOB_TYPE_A
1593,WO-01593,2032-05-27 20:00:00,JOB_TYPE_A
1594,WO-01594,2031-10-26 02:00:00,JOB_TYPE_A
1595,WO-01595,2028-05-23 23:00:00,JOB_TYPE_B
1596,WO-01596,2031-03-14 08:00:00,JOB_TYPE_C
1597,WO-01597,2030-03-26 22:00:00,JOB_TYPE_B
1598,WO-01598,2030-02-20 18:00:00,JOB_TYPE_B
1599,WO-01599,2032-04-26 13:00:00,JOB_TYPE_A
1600,WO-01600,2028-01-06 02:00:00,JOB_TYPE_B
1601,WO-01601,2028-10-01 11:00:00,JOB_TYPE_A
1602,WO-01602,2028-03-22 22:00:00,JOB_TYPE_A
1603,WO-01603,2032-09-15 03:00:00,JOB_TYPE_C
1604,WO-01604,2031-11-20 13:00:00,JOB_TYPE_A
1605,WO-01605,2026-05-28 05:00:00,JOB_TYPE_C
1606,WO-01606,2029-04-19 01:00:00,JOB_TYPE_C
1607,WO-01607,2031-11-22 02:00:00,JOB_TYPE_A
1608,WO-01608,2027-12-18 10:00:00,JOB_TYPE_A
1609,WO-01609,2026-08-31 23:00:00,JOB_TYPE_A
1610,WO-01610,2030-08-09 02:00:00,JOB_TYPE_A
1611,WO-01611,2029-07-02 07:00:00,JOB_TYPE_C
1612,WO-01612,2031-03-10 07:00:00,JOB_TYPE_C
1613,WO-01613,2032-09-06 23:00:00,JOB_TYPE_A
1614,WO-01614,2027-12-29 12:00:00,JOB_TYPE_C
1615,WO-01615,2026-06-30 01:00:00,JOB_TYPE_B
1616,WO-01616,2029-06-11 21:00:00,JOB_TYPE_A
1617,WO-01617,2030-03-14 03:00:00,JOB_TYPE_A
1618,WO-01618,2031-10-21 05:00:00,JOB_TYPE_A
1619,WO-01619,2027-03-18 21:00:00,JOB_TYPE_C
1620,WO-01620,2028-04-29 03:00:00,JOB_TYPE_A
1621,WO-01621,2032-04-05 21:00:00,JOB_TYPE_C
1622,WO-01622,2030-06-21 09:00:00,JOB_TYPE_B
1623,WO-01623,2030-06-25 03:00:00,JOB_TYPE_C
1624,WO-01624,2031-12-09 19:00:00,JOB_TYPE_C
1625,WO-01625,2032-04-12 23:00:00,JOB_TYPE_B
1626,WO-01626,2027-12-08 03:00:00,JOB_TYPE_B
1627,WO-01627,2032-09-18 00:00:00,JOB_TYPE_A
1628,WO-01628,2031-02-06 01:00:00,JOB_TYPE_C
1629,WO-01629,2027-10-25 20:00:00,JOB_TYPE_B
1630,WO-01630,2028-05-29 19:00:00,JOB_TYPE_B
1631,WO-01631,2026-08-14 16:00:00,JOB_TYPE_C
1632,WO-01632,2030-08-02 21:00:00,JOB_TYPE_C
1633,WO-01633,2027-06-22 11:00:00,JOB_TYPE_C
1634,WO-01634,2031-03-28 16:00:00,JOB_TYPE_B
1635,WO-01635,2030-04-27 02:00:00,JOB_TYPE_B
1636,WO-01636,2026-07-07 06:00:00,JOB_TYPE_B
1637,WO-01637,2030-12-21 22:00:00,JOB_TYPE_C
1638,WO-01638,2029-01-05 01:00:00,JOB_TYPE_C
1639,WO-01639,2028-07-18 14:00:00,JOB_TYPE_C
1640,WO-01640,2029-04-11 02:00:00,JOB_TYPE_B
1641,WO-01641,2027-04-12 17:00:00,JOB_TYPE_B
1642,WO-01642,2028-12-23 05:00:00,JOB_TYPE_A
1643,WO-01643,2031-10-21 07:00:00,JOB_TYPE_C
1644,WO-01644,2029-09-14 06:00:00,JOB_TYPE_A
1645,WO-01645,2032-07-06 12:00:00,JOB_TYPE_A
1646,WO-01646,2028-05-30 11:00:00,JOB_TYPE_C
1647,WO-01647,2027-03-30 10:00:00,JOB_TYPE_B
1648,WO-01648,2026-08-05 14:00:00,JOB_TYPE_C
1649,WO-01649,2029-04-01 03:00:00,JOB_TYPE_B
1650,WO-01650,2030-05-01 00:00:00,JOB_TYPE_C
1651,WO-01651,2027-03-02 09:00:00,JOB_TYPE_B
1652,WO-01652,2027-12-24 09:00:00,JOB_TYPE_B
1653,WO-01653,2027-09-07 11:00:00,JOB_TYPE_B
1654,WO-01654,2030-12-31 04:00:00,JOB_TYPE_A
1655,WO-01655,2029-07-11 11:00:00,JOB_TYPE_B
1656,WO-01656,2026-11-08 17:00:00,JOB_TYPE_C
1657,WO-01657,2031-07-31 20:00:00,JOB_TYPE_A
1658,WO-01658,2026-07-19 23:00:00,JOB_TYPE_B
1659,WO-01659,2028-12-25 04:00:00,JOB_TYPE_C
1660,WO-01660,2030-09-08 05:00:00,JOB_TYPE_C
1661,WO-01661,2026-06-17 05:00:00,JOB_TYPE_A
1662,WO-01662,2027-07-28 01:00:00,JOB_TYPE_C
1663,WO-01663,2031-07-31 02:00:00,JOB_TYPE_C
1664,WO-01664,2030-05-05 06:00:00,JOB_TYPE_A
1665,WO-01665,2029-09-30 07:00:00,JOB_TYPE_A
1666,WO-01666,2032-08-30 11:00:00,JOB_TYPE_B
1667,WO-01667,2028-06-06 03:00:00,JOB_TYPE_A
1668,WO-01668,2027-09-30 15:00:00,JOB_TYPE_A
1669,WO-01669,2031-09-15 23:00:00,JOB_TYPE_A
1670,WO-01670,2031-09-30 17:00:00,JOB_TYPE_B
1671,WO-01671,2027-12-23 16:00:00,JOB_TYPE_C
1672,WO-01672,2030-09-06 16:00:00,JOB_TYPE_C
1673,WO-01673,2027-09-10 16:00:00,JOB_TYPE_B
1674,WO-01674,2027-12-14 18:00:00,JOB_TYPE_C
1675,WO-01675,2028-07-26 11:00:00,JOB_TYPE_B
1676,WO-01676,2029-01-03 17:00:00,JOB_TYPE_B
1677,WO-01677,2030-02-25 11:00:00,JOB_TYPE_C
1678,WO-01678,2028-11-06 06:00:00,JOB_TYPE_B
1679,WO-01679,2028-02-13 11:00:00,JOB_TYPE_B
1680,WO-01680,2029-12-30 13:00:00,JOB_TYPE_B
1681,WO-01681,2029-08-24 18:00:00,JOB_TYPE_A
1682,WO-01682,2032-03-01 11:00:00,JOB_TYPE_C
1683,WO-01683,2029-09-03 06:00:00,JOB_TYPE_B
1684,WO-01684,2027-09-06 22:00:00,JOB_TYPE_B
1685,WO-01685,2028-07-02 17:00:00,JOB_TYPE_B
1686,WO-01686,2026-07-04 02:00:00,JOB_TYPE_C
1687,WO-01687,2032-08-15 18:00:00,JOB_TYPE_A
1688,WO-01688,2031-09-15 08:00:00,JOB_TYPE_A
1689,WO-01689,2026-04-14 12:00:00,JOB_TYPE_B
1690,WO-01690,2030-04-20 03:00:00,JOB_TYPE_C
1691,WO-01691,2030-06-29 16:00:00,JOB_TYPE_C
1692,WO-01692,2029-04-14 12:00:00,JOB_TYPE_B
1693,WO-01693,2027-04-21 10:00:00,JOB_TYPE_A
1694,WO-01694,2028-08-18 00:00:00,JOB_TYPE_A
1695,WO-01695,2029-01-01 11:00:00,JOB_TYPE_C
1696,WO-01696,2032-05-23 21:00:00,JOB_TYPE_A
1697,WO-01697,2029-11-23 16:00:00,JOB_TYPE_C
1698,WO-01698,2031-01-21 18:00:00,JOB_TYPE_C
1699,WO-01699,2028-09-08 00:00:00,JOB_TYPE_B
1700,WO-01700,2031-11-14 17:00:00,JOB_TYPE_B
1701,WO-01701,2031-07-29 01:00:00,JOB_TYPE_C
1702,WO-01702,2031-09-10 20:00:00,JOB_TYPE_B
1703,WO-01703,2029-08-10 14:00:00,JOB_TYPE_A
1704,WO-01704,2031-08-23 04:00:00,JOB_TYPE_B
1705,WO-01705,2027-06-06 10:00:00,JOB_TYPE_A
1706,WO-01706,2031-07-20 04:00:00,JOB_TYPE_C
1707,WO-01707,2029-10-24 16:00:00,JOB_TYPE_A
1708,WO-01708,2030-03-20 15:00:00,JOB_TYPE_C
1709,WO-01709,2026-08-08 15:00:00,JOB_TYPE_C
1710,WO-01710,2026-06-01 14:00:00,JOB_TYPE_A
1711,WO-01711,2032-04-11 22:00:00,JOB_TYPE_C
1712,WO-01712,2026-07-11 17:00:00,JOB_TYPE_A
1713,WO-01713,2029-03-31 08:00:00,JOB_TYPE_A
1714,WO-01714,2032-06-17 23:00:00,JOB_TYPE_C
1715,WO-01715,2027-11-23 05:00:00,JOB_TYPE_A
1716,WO-01716,2031-06-14 07:00:00,JOB_TYPE_A
1717,WO-01717,2026-03-26 05:00:00,JOB_TYPE_A
1718,WO-01718,2029-12-11 05:00:00,JOB_TYPE_B
1719,WO-01719,2028-12-14 08:00:00,JOB_TYPE_A
1720,WO-01720,2030-10-13 08:00:00,JOB_TYPE_C
1721,WO-01721,2031-02-23 22:00:00,JOB_TYPE_C
1722,WO-01722,2029-10-10 17:00:00,JOB_TYPE_C
1723,WO-01723,2029-10-23 10:00:00,JOB_TYPE_A
1724,WO-01724,2026-03-19 07:00:00,JOB_TYPE_C
1725,WO-01725,2030-04-15 14:00:00,JOB_TYPE_B
1726,WO-01726,2026-04-02 14:00:00,JOB_TYPE_A
1727,WO-01727,2030-02-13 21:00:00,JOB_TYPE_C
1728,WO-01728,2028-03-20 11:00:00,JOB_TYPE_C
1729,WO-01729,2028-04-22 02:00:00,JOB_TYPE_A
1730,WO-01730,2029-12-01 15:00:00,JOB_TYPE_C
1731,WO-01731,2031-03-15 19:00:00,JOB_TYPE_B
1732,WO-01732,2032-03-10 15:00:00,JOB_TYPE_A
1733,WO-01733,2026-12-18 11:00:00,JOB_TYPE_A
1734,WO-01734,2030-01-31 04:00:00,JOB_TYPE_A
1735,WO-01735,2027-12-19 06:00:00,JOB_TYPE_A
1736,WO-01736,2030-10-18 15:00:00,JOB_TYPE_C
1737,WO-01737,2028-01-19 12:00:00,JOB_TYPE_B
1738,WO-01738,2028-02-29 05:00:00,JOB_TYPE_B
1739,WO-01739,2026-10-03 00:00:00,JOB_TYPE_B
1740,WO-01740,2029-03-13 23:00:00,JOB_TYPE_B
1741,WO-01741,2030-05-22 01:00:00,JOB_TYPE_A
1742,WO-01742,2031-05-18 04:00:00,JOB_TYPE_A
1743,WO-01743,2028-05-28 09:00:00,JOB_TYPE_C
1744,WO-01744,2032-05-09 09:00:00,JOB_TYPE_A
1745,WO-01745,2031-01-19 09:00:00,JOB_TYPE_C
1746,WO-01746,2031-11-04 10:00:00,JOB_TYPE_A
1747,WO-01747,2026-11-11 13:00:00,JOB_TYPE_B
1748,WO-01748,2028-12-30 21:00:00,JOB_TYPE_B
1749,WO-01749,2030-04-18 11:00:00,JOB_TYPE_B
1750,WO-01750,2026-08-01 11:00:00,JOB_TYPE_C
1751,WO-01751,2026-03-27 01:00:00,JOB_TYPE_C
1752,WO-01752,2027-06-12 05:00:00,JOB_TYPE_A
1753,WO-01753,2029-11-25 04:00:00,JOB_TYPE_B
1754,WO-01754,2030-12-26 06:00:00,JOB_TYPE_B
1755,WO-01755,2030-05-24 09:00:00,JOB_TYPE_A
1756,WO-01756,2030-02-10 11:00:00,JOB_TYPE_A
1757,WO-01757,2027-11-18 15:00:00,JOB_TYPE_A
1758,WO-01758,2032-08-26 18:00:00,JOB_TYPE_C
1759,WO-01759,2030-05-26 22:00:00,JOB_TYPE_B
1760,WO-01760,2028-03-10 12:00:00,JOB_TYPE_A
1761,WO-01761,2026-09-20 06:00:00,JOB_TYPE_C
1762,WO-01762,2028-04-04 20:00:00,JOB_TYPE_C
1763,WO-01763,2030-05-18 00:00:00,JOB_TYPE_C
1764,WO-01764,2026-05-30 02:00:00,JOB_TYPE_A
1765,WO-01765,2032-07-09 11:00:00,JOB_TYPE_B
1766,WO-01766,2026-04-13 00:00:00,JOB_TYPE_A
1767,WO-01767,2030-07-21 05:00:00,JOB_TYPE_A
1768,WO-01768,2031-10-15 09:00:00,JOB_TYPE_C
1769,WO-01769,2032-04-19 20:00:00,JOB_TYPE_B
1770,WO-01770,2026-09-27 08:00:00,JOB_TYPE_B
1771,WO-01771,2027-05-18 20:00:00,JOB_TYPE_C
1772,WO-01772,2027-12-17 21:00:00,JOB_TYPE_C
1773,WO-01773,2032-05-27 09:00:00,JOB_TYPE_B
1774,WO-01774,2031-03-24 00:00:00,JOB_TYPE_C
1775,WO-01775,2028-08-23 02:00:00,JOB_TYPE_B
1776,WO-01776,2031-10-24 13:00:00,JOB_TYPE_C
1777,WO-01777,2027-03-18 09:00:00,JOB_TYPE_C
1778,WO-01778,2031-07-30 16:00:00,JOB_TYPE_A
1779,WO-01779,2029-11-27 17:00:00,JOB_TYPE_C
1780,WO-01780,2028-09-30 16:00:00,JOB_TYPE_A
1781,WO-01781,2026-11-22 23:00:00,JOB_TYPE_B
1782,WO-01782,2027-11-25 03:00:00,JOB_TYPE_A
1783,WO-01783,2028-09-16 07:00:00,JOB_TYPE_C
1784,WO-01784,2031-11-30 03:00:00,JOB_TYPE_C
1785,WO-01785,2030-08-13 15:00:00,JOB_TYPE_B
1786,WO-01786,2031-12-12 13:00:00,JOB_TYPE_B
1787,WO-01787,2026-05-21 03:00:00,JOB_TYPE_C
1788,WO-01788,2028-03-16 14:00:00,JOB_TYPE_B
1789,WO-01789,2029-10-30 22:00:00,JOB_TYPE_A
1790,WO-01790,2028-10-27 20:00:00,JOB_TYPE_C
1791,WO-01791,2028-12-20 09:00:00,JOB_TYPE_B
1792,WO-01792,2027-07-21 10:00:00,JOB_TYPE_C
1793,WO-01793,2030-07-18 01:00:00,JOB_TYPE_C
1794,WO-01794,2029-01-02 02:00:00,JOB_TYPE_A
1795,WO-01795,2031-12-08 18:00:00,JOB_TYPE_C
1796,WO-01796,2028-05-15 19:00:00,JOB_TYPE_A
1797,WO-01797,2031-06-30 12:00:00,JOB_TYPE_A
1798,WO-01798,2026-10-11 06:00:00,JOB_TYPE_B
1799,WO-01799,2027-04-26 09:00:00,JOB_TYPE_B
1800,WO-01800,2031-06-26 14:00:00,JOB_TYPE_C
1801,WO-01801,2027-04-26 12:00:00,JOB_TYPE_C
1802,WO-01802,2029-01-28 04:00:00,JOB_TYPE_B
1803,WO-01803,2028-11-10 04:00:00,JOB_TYPE_A
1804,WO-01804,2026-11-06 03:00:00,JOB_TYPE_A
1805,WO-01805,2028-06-20 00:00:00,JOB_TYPE_B
1806,WO-01806,2028-11-08 01:00:00,JOB_TYPE_B
1807,WO-01807,2026-12-05 09:00:00,JOB_TYPE_A
1808,WO-01808,2026-10-25 15:00:00,JOB_TYPE_A
1809,WO-01809,2029-05-21 02:00:00,JOB_TYPE_B
1810,WO-01810,2030-04-30 04:00:00,JOB_TYPE_C
1811,WO-01811,2029-12-29 13:00:00,JOB_TYPE_B
1812,WO-01812,2026-12-08 07:00:00,JOB_TYPE_A
1813,WO-01813,2026-10-31 23:00:00,JOB_TYPE_B
1814,WO-01814,2030-04-22 15:00:00,JOB_TYPE_A
1815,WO-01815,2030-08-17 06:00:00,JOB_TYPE_C
1816,WO-01816,2032-01-11 06:00:00,JOB_TYPE_B
1817,WO-01817,2032-08-14 18:00:00,JOB_TYPE_B
1818,WO-01818,2026-04-03 22:00:00,JOB_TYPE_B
1819,WO-01819,2029-04-04 05:00:00,JOB_TYPE_B
1820,WO-01820,2031-12-27 21:00:00,JOB_TYPE_A
1821,WO-01821,2031-08-01 13:00:00,JOB_TYPE_C
1822,WO-01822,2027-12-24 02:00:00,JOB_TYPE_C
1823,WO-01823,2030-01-22 05:00:00,JOB_TYPE_A
1824,WO-01824,2031-04-15 14:00:00,JOB_TYPE_B
1825,WO-01825,2027-06-07 02:00:00,JOB_TYPE_A
1826,WO-01826,2028-03-04 13:00:00,JOB_TYPE_B
1827,WO-01827,2028-03-03 04:00:00,JOB_TYPE_B
1828,WO-01828,2027-04-03 17:00:00,JOB_TYPE_A
1829,WO-01829,2027-05-31 20:00:00,JOB_TYPE_B
1830,WO-01830,2028-03-23 19:00:00,JOB_TYPE_B
1831,WO-01831,2028-05-27 18:00:00,JOB_TYPE_B
1832,WO-01832,2032-01-06 10:00:00,JOB_TYPE_A
1833,WO-01833,2028-11-11 08:00:00,JOB_TYPE_B
1834,WO-01834,2028-01-03 14:00:00,JOB_TYPE_C
1835,WO-01835,2030-11-02 00:00:00,JOB_TYPE_B
1836,WO-01836,2030-08-08 17:00:00,JOB_TYPE_C
1837,WO-01837,2027-08-17 05:00:00,JOB_TYPE_B
1838,WO-01838,2026-12-18 08:00:00,JOB_TYPE_A
1839,WO-01839,2028-06-10 04:00:00,JOB_TYPE_A
1840,WO-01840,2029-02-13 18:00:00,JOB_TYPE_B
1841,WO-01841,2032-06-15 09:00:00,JOB_TYPE_C
1842,WO-01842,2029-01-01 14:00:00,JOB_TYPE_B
1843,WO-01843,2029-06-15 08:00:00,JOB_TYPE_B
1844,WO-01844,2029-05-20 02:00:00,JOB_TYPE_C
1845,WO-01845,2030-08-10 08:00:00,JOB_TYPE_A
1846,WO-01846,2028-05-29 15:00:00,JOB_TYPE_B
1847,WO-01847,2030-09-03 10:00:00,JOB_TYPE_C
1848,WO-01848,2027-08-31 17:00:00,JOB_TYPE_B
1849,WO-01849,2028-07-06 04:00:00,JOB_TYPE_A
1850,WO-01850,2029-02-20 17:00:00,JOB_TYPE_B
1851,WO-01851,2028-05-05 02:00:00,JOB_TYPE_C
1852,WO-01852,2031-05-11 22:00:00,JOB_TYPE_C
1853,WO-01853,2029-11-01 00:00:00,JOB_TYPE_C
1854,WO-01854,2032-01-04 13:00:00,JOB_TYPE_A
1855,WO-01855,2028-08-07 03:00:00,JOB_TYPE_B
1856,WO-01856,2028-04-04 15:00:00,JOB_TYPE_B
1857,WO-01857,2028-11-21 23:00:00,JOB_TYPE_A
1858,WO-01858,2030-05-18 22:00:00,JOB_TYPE_A
1859,WO-01859,2030-08-04 10:00:00,JOB_TYPE_C
1860,WO-01860,2027-07-05 13:00:00,JOB_TYPE_C
1861,WO-01861,2031-11-26 08:00:00,JOB_TYPE_C
1862,WO-01862,2026-05-13 17:00:00,JOB_TYPE_C
1863,WO-01863,2029-08-12 18:00:00,JOB_TYPE_C
1864,WO-01864,2027-09-24 17:00:00,JOB_TYPE_B
1865,WO-01865,2032-02-16 11:00:00,JOB_TYPE_B
1866,WO-01866,2032-05-18 04:00:00,JOB_TYPE_C
1867,WO-01867,2026-09-06 02:00:00,JOB_TYPE_B
1868,WO-01868,2031-03-12 22:00:00,JOB_TYPE_B
1869,WO-01869,2027-03-16 07:00:00,JOB_TYPE_C
1870,WO-01870,2028-06-05 04:00:00,JOB_TYPE_A
1871,WO-01871,2028-01-20 05:00:00,JOB_TYPE_C
1872,WO-01872,2027-04-26 03:00:00,JOB_TYPE_C
1873,WO-01873,2029-04-29 16:00:00,JOB_TYPE_B
1874,WO-01874,2026-09-19 05:00:00,JOB_TYPE_B
1875,WO-01875,2030-08-20 00:00:00,JOB_TYPE_B
1876,WO-01876,2030-07-08 03:00:00,JOB_TYPE_B
1877,WO-01877,2030-02-27 10:00:00,JOB_TYPE_C
1878,WO-01878,2032-08-30 22:00:00,JOB_TYPE_C
1879,WO-01879,2029-04-16 11:00:00,JOB_TYPE_C
1880,WO-01880,2026-06-09 15:00:00,JOB_TYPE_B
1881,WO-01881,2031-05-30 04:00:00,JOB_TYPE_C
1882,WO-01882,2030-08-08 18:00:00,JOB_TYPE_C
1883,WO-01883,2026-10-19 07:00:00,JOB_TYPE_A
1884,WO-01884,2031-11-30 00:00:00,JOB_TYPE_A
1885,WO-01885,2031-01-29 22:00:00,JOB_TYPE_C
1886,WO-01886,2028-10-25 15:00:00,JOB_TYPE_A
1887,WO-01887,2030-12-31 23:00:00,JOB_TYPE_C
1888,WO-01888,2026-06-30 05:00:00,JOB_TYPE_C
1889,WO-01889,2030-12-26 14:00:00,JOB_TYPE_C
1890,WO-01890,2030-12-31 06:00:00,JOB_TYPE_B
1891,WO-01891,2031-10-16 13:00:00,JOB_TYPE_B
1892,WO-01892,2032-02-12 11:00:00,JOB_TYPE_B
1893,WO-01893,2026-12-15 13:00:00,JOB_TYPE_A
1894,WO-01894,2026-11-25 12:00:00,JOB_TYPE_B
1895,WO-01895,2027-10-28 11:00:00,JOB_TYPE_C
1896,WO-01896,2031-09-30 15:00:00,JOB_TYPE_C
1897,WO-01897,2030-05-02 22:00:00,JOB_TYPE_C
1898,WO-01898,2031-04-22 00:00:00,JOB_TYPE_C
1899,WO-01899,2027-10-25 19:00:00,JOB_TYPE_B
1900,WO-01900,2028-12-16 20:00:00,JOB_TYPE_B
1901,WO-01901,2029-08-16 17:00:00,JOB_TYPE_C
1902,WO-01902,2030-07-25 11:00:00,JOB_TYPE_C
1903,WO-01903,2029-11-26 20:00:00,JOB_TYPE_A
1904,WO-01904,2028-09-28 05:00:00,JOB_TYPE_A
1905,WO-01905,2029-10-09 12:00:00,JOB_TYPE_A
1906,WO-01906,2028-05-15 23:00:00,JOB_TYPE_B
1907,WO-01907,2026-10-21 16:00:00,JOB_TYPE_A
1908,WO-01908,2032-05-18 07:00:00,JOB_TYPE_C
1909,WO-01909,2027-03-23 02:00:00,JOB_TYPE_B
1910,WO-01910,2028-06-29 22:00:00,JOB_TYPE_B
1911,WO-01911,2029-07-26 14:00:00,JOB_TYPE_A
1912,WO-01912,2030-01-22 05:00:00,JOB_TYPE_B
1913,WO-01913,2028-10-07 08:00:00,JOB_TYPE_B
1914,WO-01914,2026-11-22 19:00:00,JOB_TYPE_B
1915,WO-01915,2031-07-24 18:00:00,JOB_TYPE_C
1916,WO-01916,2029-07-18 17:00:00,JOB_TYPE_B
1917,WO-01917,2026-08-31 16:00:00,JOB_TYPE_B
1918,WO-01918,2026-07-01 06:00:00,JOB_TYPE_C
1919,WO-01919,2027-01-09 12:00:00,JOB_TYPE_A
1920,WO-01920,2032-07-06 01:00:00,JOB_TYPE_B
1921,WO-01921,2031-01-03 15:00:00,JOB_TYPE_A
1922,WO-01922,2031-03-24 07:00:00,JOB_TYPE_A
1923,WO-01923,2031-09-13 06:00:00,JOB_TYPE_A
1924,WO-01924,2030-01-08 06:00:00,JOB_TYPE_A
1925,WO-01925,2030-04-16 07:00:00,JOB_TYPE_A
1926,WO-01926,2028-08-21 01:00:00,JOB_TYPE_C
1927,WO-01927,2029-05-08 12:00:00,JOB_TYPE_B
1928,WO-01928,2027-11-24 08:00:00,JOB_TYPE_B
1929,WO-01929,2030-11-14 21:00:00,JOB_TYPE_A
1930,WO-01930,2027-07-23 05:00:00,JOB_TYPE_C
1931,WO-01931,2031-01-29 03:00:00,JOB_TYPE_B
1932,WO-01932,2029-02-13 10:00:00,JOB_TYPE_A
1933,WO-01933,2031-09-04 19:00:00,JOB_TYPE_C
1934,WO-01934,2027-08-22 01:00:00,JOB_TYPE_B
1935,WO-01935,2030-08-04 08:00:00,JOB_TYPE_B
1936,WO-01936,2029-01-26 00:00:00,JOB_TYPE_A
1937,WO-01937,2031-06-07 15:00:00,JOB_TYPE_A
1938,WO-01938,2027-09-14 04:00:00,JOB_TYPE_B
1939,WO-01939,2031-10-15 14:00:00,JOB_TYPE_C
1940,WO-01940,2032-03-17 14:00:00,JOB_TYPE_A
1941,WO-01941,2030-06-24 19:00:00,JOB_TYPE_A
1942,WO-01942,2032-02-21 10:00:00,JOB_TYPE_C
1943,WO-01943,2027-07-24 18:00:00,JOB_TYPE_B
1944,WO-01944,2028-08-07 09:00:00,JOB_TYPE_A
1945,WO-01945,2029-08-01 16:00:00,JOB_TYPE_A
1946,WO-01946,2028-02-15 15:00:00,JOB_TYPE_C
1947,WO-01947,2032-08-11 19:00:00,JOB_TYPE_B
1948,WO-01948,2030-02-09 06:00:00,JOB_TYPE_C
1949,WO-01949,2028-07-04 01:00:00,JOB_TYPE_C
1950,WO-01950,2029-01-25 11:00:00,JOB_TYPE_C
1951,WO-01951,2029-02-05 03:00:00,JOB_TYPE_C
1952,WO-01952,2027-01-07 04:00:00,JOB_TYPE_B
1953,WO-01953,2028-10-17 09:00:00,JOB_TYPE_B
1954,WO-01954,2030-10-12 01:00:00,JOB_TYPE_A
1955,WO-01955,2032-03-31 07:00:00,JOB_TYPE_C
1956,WO-01956,2031-06-11 01:00:00,JOB_TYPE_B
1957,WO-01957,2030-10-04 04:00:00,JOB_TYPE_C
1958,WO-01958,2026-10-18 16:00:00,JOB_TYPE_C
1959,WO-01959,2027-03-02 00:00:00,JOB_TYPE_B
1960,WO-01960,2027-01-17 02:00:00,JOB_TYPE_A
1961,WO-01961,2028-06-12 03:00:00,JOB_TYPE_A
1962,WO-01962,2027-07-14 02:00:00,JOB_TYPE_B
1963,WO-01963,2031-05-07 19:00:00,JOB_TYPE_A
1964,WO-01964,2029-12-25 03:00:00,JOB_TYPE_B
1965,WO-01965,2029-04-16 07:00:00,JOB_TYPE_C
1966,WO-01966,2027-03-12 17:00:00,JOB_TYPE_C
1967,WO-01967,2029-01-12 00:00:00,JOB_TYPE_B
1968,WO-01968,2027-07-21 11:00:00,JOB_TYPE_B
1969,WO-01969,2030-11-30 14:00:00,JOB_TYPE_C
1970,WO-01970,2031-05-07 18:00:00,JOB_TYPE_C
1971,WO-01971,2027-06-17 07:00:00,JOB_TYPE_C
1972,WO-01972,2027-05-30 21:00:00,JOB_TYPE_B
1973,WO-01973,2028-04-27 23:00:00,JOB_TYPE_A
1974,WO-01974,2027-07-25 03:00:00,JOB_TYPE_B
1975,WO-01975,2032-06-16 10:00:00,JOB_TYPE_B
1976,WO-01976,2030-10-17 15:00:00,JOB_TYPE_A
1977,WO-01977,2032-08-19 16:00:00,JOB_TYPE_B
1978,WO-01978,2026-03-27 10:00:00,JOB_TYPE_B
1979,WO-01979,2027-03-09 01:00:00,JOB_TYPE_A
1980,WO-01980,2032-04-04 07:00:00,JOB_TYPE_B
1981,WO-01981,2030-05-12 17:00:00,JOB_TYPE_C
1982,WO-01982,2031-01-17 13:00:00,JOB_TYPE_B
1983,WO-01983,2029-03-22 11:00:00,JOB_TYPE_C
1984,WO-01984,2029-11-02 23:00:00,JOB_TYPE_B
1985,WO-01985,2031-06-22 09:00:00,JOB_TYPE_B
1986,WO-01986,2029-10-25 17:00:00,JOB_TYPE_A
1987,WO-01987,2026-10-12 23:00:00,JOB_TYPE_C
1988,WO-01988,2026-05-24 12:00:00,JOB_TYPE_A
1989,WO-01989,2028-05-06 20:00:00,JOB_TYPE_A
1990,WO-01990,2028-03-20 18:00:00,JOB_TYPE_A
1991,WO-01991,2030-03-08 06:00:00,JOB_TYPE_B
1992,WO-01992,2027-06-03 13:00:00,JOB_TYPE_B
1993,WO-01993,2030-05-23 20:00:00,JOB_TYPE_C
1994,WO-01994,2031-12-09 19:00:00,JOB_TYPE_B
1995,WO-01995,2030-04-10 08:00:00,JOB_TYPE_C
1996,WO-01996,2027-01-04 09:00:00,JOB_TYPE_C
1997,WO-01997,2027-01-07 02:00:00,JOB_TYPE_B
1998,WO-01998,2031-12-16 19:00:00,JOB_TYPE_C
1999,WO-01999,2032-04-26 08:00:00,JOB_TYPE_B
2000,WO-02000,2030-03-20 09:00:00,JOB_TYPE_A
