id,display_address
1,"1 Sample Street, Town_A, AA1 1AA"
2,"2 Sample Street, Town_B, BB2 2BB"
3,"3 Sample Street, Town_C, CC3 3CC"
4,"4 Sample Street, Town_D, DD4 4DD"
5,"5 Sample Street, Town_E, EE5 5EE"
6,"6 Sample Street, Town_F, FF6 6FF"
7,"7 Sample Street, Town_G, GG7 7GG"
8,"8 Sample Street, Town_H, HH8 8HH"
9,"9 Sample Street, Town_I, II9 9II"
10,"10 Sample Street, Town_J, JJ1 1JJ"
11,"11 Sample Street, Town_K, KK2 2KK"
12,"12 Sample Street, Town_L, LL3 3LL"
13,"13 Sample Street, Town_M, MM4 4MM"
14,"14 Sample Street, Town_N, NN5 5NN"
15,"15 Sample Street, Town_O, OO6 6OO"
16,"16 Sample Street, Town_P, PP7 7PP"
17,"17 Sample Street, Town_Q, QQ8 8QQ"
18,"18 Sample Street, Town_R, RR9 9RR"
19,"19 Sample Street, Town_S, SS1 1SS"
20,"20 Sample Street, Town_T, TT2 2TT"
21,"21 Sample Street, Town_U, UU3 3UU"
22,"22 Sample Street, Town_V, VV4 4VV"
23,"23 Sample Street, Town_W, WW5 5WW"
24,"24 Sample Street, Town_X, XX6 6XX"
25,"25 Sample Street, Town_Y, YY7 7YY"
26,"26 Sample Street, Town_Z, ZZ8 8ZZ"
27,"27 Sample Street, Town_A, AA9 9AA"
28,"28 Sample Street, Town_B, BB1 1BB"
29,"29 Sample Street, Town_C, CC2 2CC"
30,"30 Sample Street, Town_D, DD3 3DD"
31,"31 Sample Street, Town_E, EE4 4EE"
32,"32 Sample Street, Town_F, FF5 5FF"
33,"33 Sample Street, Town_G, GG6 6GG"
34,"34 Sample Street, Town_H, HH7 7HH"
35,"35 Sample Street, Town_I, II8 8II"
36,"36 Sample Street, Town_J, JJ9 9JJ"
37,"37 Sample Street, Town_K, KK1 1KK"
38,"38 Sample Street, Town_L, LL2 2LL"
39,"39 Sample Street, Town_M, MM3 3MM"
40,"40 Sample Street, Town_N, NN4 4NN"
41,"41 Sample Street, Town_O, OO5 5OO"
42,"42 Sample Street, Town_P, PP6 6PP"
43,"43 Sample Street, Town_Q, QQ7 7QQ"
44,"44 Sample Street, Town_R, RR8 8RR"
45,"45 Sample Street, Town_S, SS9 9SS"
46,"46 Sample Street, Town_T, TT1 1TT"
47,"47 Sample Street, Town_U, UU2 2UU"
48,"48 Sample Street, Town_V, VV3 3VV"
49,"49 Sample Street, Town_W, WW4 4WW"
50,"50 Sample Street, Town_X, XX5 5XX"
