Workorder,Job Type,ID,Name,Reported Date,Job Priority,REPORTEDBY,Reported By Group
W3401001,EMERGENCY,EMP001,James Thornton,2026-05-01,E1,EMP001,CRM-SOUTH
W3401002,EMERGENCY,EMP002,Sarah Williamson,2026-05-01,E2,EMP002,CRM-NORTH
W3401003,METERING,EMP003,Robert Higgins,2026-05-02,M1,EMP003,CRM-EAST
W3401004,METERING,EMP004,Claire Donaldson,2026-05-02,M2,EMP004,CRM-WEST
W3401005,EMERGENCY,EMP005,Andrew Patterson,2026-05-03,E1,EMP005,CRM-SOUTH
W3401006,EMERGENCY,EMP006,Linda Crawford,2026-05-03,E2,EMP006,CRM-NORTH
W3401007,METERING,EMP007,Michael Lawson,2026-05-05,M1,EMP007,CRM-EAST
W3401008,METERING,EMP001,James Thornton,2026-05-06,M2,EMP001,CRM-SOUTH
W3401009,EMERGENCY,EMP008,Gillian Mackay,2026-05-07,E1,EMP008,CRM-NORTH
W3401010,EMERGENCY,EMP003,Robert Higgins,2026-05-08,E2,EMP003,CRM-EAST
W3401011,METERING,EMP009,Thomas Russell,2026-05-09,M1,EMP009,CRM-WEST
W3401012,EMERGENCY,EMP010,Fiona Sinclair,2026-05-10,E1,EMP010,CRM-SOUTH
W3401013,METERING,EMP002,Sarah Williamson,2026-05-12,M2,EMP002,CRM-NORTH
W3401014,EMERGENCY,EMP005,Andrew Patterson,2026-05-13,E1,EMP005,CRM-SOUTH
W3401015,EMERGENCY,EMP011,Neil Forsyth,2026-05-14,E2,EMP011,CRM-EAST
W3401016,METERING,EMP006,Linda Crawford,2026-05-15,M1,EMP006,CRM-NORTH
W3401017,EMERGENCY,EMP012,Helen Baxter,2026-05-16,E1,EMP012,CRM-WEST
W3401018,METERING,EMP007,Michael Lawson,2026-05-19,M2,EMP007,CRM-EAST
W3401019,EMERGENCY,EMP008,Gillian Mackay,2026-05-20,E1,EMP008,CRM-NORTH
W3401020,EMERGENCY,EMP013,David Kerr,2026-05-21,E2,EMP013,CRM-SOUTH
W3401021,METERING,EMP004,Claire Donaldson,2026-05-22,M1,EMP004,CRM-WEST
W3401022,EMERGENCY,EMP001,James Thornton,2026-05-23,E1,EMP001,CRM-SOUTH
W3401023,METERING,EMP009,Thomas Russell,2026-05-26,M1,EMP009,CRM-WEST
W3401024,EMERGENCY,EMP010,Fiona Sinclair,2026-05-27,E2,EMP010,CRM-SOUTH
